Job Title,Company Name,Rating,Experience,Salary,Location,Type,Skills Required
AI and Data Science Engineer,PwC,3.6,12-20 Yrs,Not disclosed,Hyderabad,Full Time,AWS
Sr Data Scientist,Accenture,4.1,5-8 Yrs,Not disclosed,Mumbai,Full Time,AWS
Data Science - Route Optimization - Senior Associate 2-ANI,PwC,3.6,6-7 Yrs,Not disclosed,Hyderabad,Full Time,AWS
Sr Data Scientist,ServiceNow,4.1,15-20 Yrs,Not disclosed,Hyderabad,Full Time,ML
Sr Data Scientist,Service Now Planet,5,15-16 Yrs,Not disclosed,Hyderabad,Full Time,ML
Sr Data Scientist,Bajaj Finance,4.1,2-4 Yrs,Not disclosed,Mumbai,Full Time,Python
Senior Analyst - Data Science (Regression),Tiger Analytics,3.5,2-4 Yrs,Not disclosed,Hyderabad,Full Time,ML
Marketing / Data Science - Professional,Accenture,4.1,2-3 Yrs,Not disclosed,Bangalore,Full Time,Python
Data Science Analytics Specialist - Data Science,Accenture,4.1,7-11 Yrs,Not disclosed,Mumbai,Full Time,DataAanlysis
AI and Data Science Engineer,AVE-Promagne Business Solutions,4.1,9-14 Yrs,Not disclosed,Hyderabad,Full Time,Python
Manager-Data Science,AMERICAN EXPRESS,4.3,2-6 Yrs,Not disclosed,Hyderabad,Full Time,ML
Data Science Specialist,Accenture,4.1,2-4 Yrs,Not disclosed,Hyderabad,Full Time,Python
Senior Analyst - Data Science,Tiger Analytics,3.5,0-4 Yrs,Not disclosed,Chennai,Full Time,ML
Delivery Head - Analytics & Data Science,Okda Solutions,4.1,8-13 Yrs,Not disclosed,Gurgaon,Full Time,ML
Lead Data Scientist,CAMBRIDGE TECHNOLOGY ENTERPRISES (CTE),3.9,5-10 Yrs,25-40 Lacs PA,Hyderabad,Full Time,ML
Manager-Data Science,Visa Inc,4.2,4-7 Yrs,Not disclosed,Bangalore,Full Time,DataAanlysis
AI and Data Science Engineer,Loyalytics Consulting,3.8,5-10 Yrs,Not disclosed,Bangalore,Full Time,Management 
Data Science consultant,Accenture,4.1,4-5 Yrs,Not disclosed,Bangalore,Full Time,Python
Manager-Data Science,PwC,3.6,3-7 Yrs,Not disclosed,Hyderabad,Full Time,ML
Data Science - Pricing & Promo Analytics - Senior Associate 2 - ANI,PwC,3.6,6-11 Yrs,Not disclosed,Hyderabad,Full Time,AWS
Data Science Engineer,Ihub Anubhuti,4.1,2-7 Yrs,"60,000-1 Lacs PA",New Delhi,Full Time,Python
Data Science Engineer 1,Emerson,4.1,2-3 Yrs,Not disclosed,Mumbai,Full Time,Python
Data Science Engineer 1,Copeland,4,2-3 Yrs,Not disclosed,Mumbai,Full Time,Python
Manager-Data Science,Globaldata,3.8,7-12 Yrs,Not disclosed,Hyderabad,Full Time,Python
Manager-Data Science,Rintelo Consulting,4.1,8-13 Yrs,Not disclosed,Gurgaon,Full Time,DataAanlysis
Manager-Data Science,PwC,3.6,3-6 Yrs,Not disclosed,Hyderabad,Full Time,AWS
Manager-Data Science,PwC,3.6,3-7 Yrs,Not disclosed,Hyderabad,Full Time,ML
Data Science Engineer,Arbo Technologies,4.1,2-7 Yrs,Not disclosed,Bangalore,WFH,Python
Lead Data Scientist,Accenture,4.1,6-8 Yrs,Not disclosed,Chennai,WFH,SQL
"Senior Analyst/ Data Scientist - Data Science
",Tiger Analytics,3.5,2-7 Yrs,Not disclosed,Hyderabad,WFH,DataAanlysis
Manager-Data Science,Tredence,3.6,8-10 Yrs,Not disclosed,Hyderabad,Full Time,SQL
Director - Data Science | Kenvue,Talent500,2.7,15-22 Yrs,Not disclosed,Bangalore,Full Time,ML
Manager-Data Science,Antworks,3.6,10-14 Yrs,Not disclosed,Chennai,Full Time,ML
Data Science Analyst,Ira Commerce,4.1,3-8 Yrs,Not disclosed,Hyderabad,Full Time,Python
Data Sciences Professional,Nadal Business Services Pvt Ltd,4.1,8-12 Yrs,Not disclosed,Hyderabad,Full Time,AWS
Data science Professional,Techsist Solution,4.1,5-8 Yrs,Not disclosed,Hyderabad,Full Time,Python
Manager-Data Science,Tata Chemicals,4.1,5-8 Yrs,Not disclosed,Mumbai,Full Time,AWS
Manager-Data Science,BMC Software,4.2,10-12 Yrs,Not disclosed,Mumbai,Full Time,Management 
Data Science Engineer | Data Science Consulting Company | GGN,unnati,4.1,1-3 Yrs,12-15 Lacs PA,New Delhi,Full Time,Python
Machine Learning Engineer - Data Modeling/Data Science,Okda Solutions,4.1,4-6 Yrs,Not disclosed,Mumbai,Full Time,ML
Applied Intelligence Analyst / Consultant - Marketing - Data Science,Accenture,4.1,3-5 Yrs,Not disclosed,Bangalore,Full Time,Python
Lead Data Scientist,V Mart,4.2,6-9 Yrs,Not disclosed,New Delhi,Full Time,Python
Business Analyst - Data Science,PayU,3.8,4-9 Yrs,Not disclosed,Bangalore,Full Time,ML
"Senior Analyst, Data Science",DUN BRADSTREET INFORMATION SERVICES INDIA PRIVATE LIMITED,3.6,5-8 Yrs,Not disclosed,Hyderabad,Full Time,SQL
Data Science Engineer : Bangalore,Oracle,3.9,5-9 Yrs,Not disclosed,Bangalore,Full Time,Python
Senior Analyst Data Science,Navit Software Solutions,4.4,5-8 Yrs,Not disclosed,Hyderabad,Full Time,DeepLearning
Sr Data Scientist,Visa Inc,4.2,8-13 Yrs,Not disclosed,Bangalore,Full Time,Management 
Manager-Data Science,Cerner,3.9,3-7 Yrs,Not disclosed,Bangalore,Full Time,ML
Associate Scientist- Data Science,Axa Technology Services,4.2,3-7 Yrs,Not disclosed,Gurgaon,Full Time,ML
Engineer - Data Science (DATA SCIENCE ENGINEER),Ninestars Information Technologies,3.5,0-1 Yrs,Not disclosed,Bangalore,Full Time,ML
Data Science Analyst,Pepsi Foods,4.1,4-7 Yrs,Not disclosed,Hyderabad,Full Time,SQL
Manager-Data Science,PwC,3.6,8-13 Yrs,Not disclosed,Hyderabad,Full Time,AWS
AI and Data Science Engineer,Ethnotech Academy,3.8,2-5 Yrs,Not disclosed,Bangalore,Full Time,ML
Data Science Engineer,Conneqt Digital,3.8,4-7 Yrs,Not disclosed,Bangalore,Full Time,ML
Senior Specialist Data Science,Dr Reddys,4.2,2-5 Yrs,Not disclosed,Hyderabad,Full Time,Management 
Lead Data Scientist,Bajaj Finserv Ltd.,3.6,3-6 Yrs,Not disclosed,Mumbai,Full Time,Management 
Data Science Analyst,Ira Commerce,4.1,1-3 Yrs,Not disclosed,Hyderabad,Full Time,Python
Data Science/Analyst,Myfuturejobs,4.1,2-5 Yrs,Not disclosed,New Delhi,Full Time,DataAanlysis
Senior Software Engineer - Data Science,Skillety,3.2,5-7 Yrs,Not disclosed,Bangalore,Full Time,ML
Junior Software Engineer - Data Science,LogiNext,3.4,0-1 Yrs,Not disclosed,Mumbai,Full Time,SQL
Lead Data Scientist,All About It India,4.3,7-10 Yrs,Not disclosed,Hyderabad,Full Time,Management 
"Scientist, Data Science",XPO,3.7,2-5 Yrs,Not disclosed,Hyderabad,Full Time,AWS
Lead Data Scientist,Jet2 Travel Technologies,3.6,7-10 Yrs,Not disclosed,Mumbai,Full Time,Python
Manager-Data Science,Globaldata,3.8,7-12 Yrs,Not disclosed,Hyderabad,Full Time,DeepLearning
Lead Data Scientist,Jet2 Travel Technologies,3.6,5-8 Yrs,Not disclosed,Mumbai,Full Time,ML
Lead Data Scientist,Essenware,4.3,10-12 Yrs,Not disclosed,Hyderabad,Full Time,DataAanlysis
Manager-Data Science,General Mills,4.3,8-12 Yrs,Not disclosed,Mumbai,Full Time,Management 
Specialist - Data Science - GMO,Dr Reddys,4.2,2-6 Yrs,Not disclosed,Hyderabad,Full Time,ML
Lead Data Scientist,Dr Reddys,4.2,2-5 Yrs,Not disclosed,Hyderabad,Full Time,ML
"Quality Assurance Engineer, Data Science",Epiq Global,4.1,4-8 Yrs,Not disclosed,Hyderabad,Full Time,Python
Data Science Developer,TRH Consultancy Services,4.1,5-10 Yrs,Not disclosed,Hyderabad,Full Time,DeepLearning
AI and Data Science Engineer,Alp Consulting,3.5,2-5 Yrs,Not disclosed,Mumbai,Full Time,ML
AI and Data Science Engineer,Uncodemy,4.8,2-7 Yrs,7-12 Lacs PA,New Delhi,Full Time,Python
AI and Data Science Engineer,Techvidya Career,3.8,1-4 Yrs,1.5-4.5 Lacs PA,New Delhi,Full Time,Python
Manager-Data Science,BNY Mellon,4.1,15-20 Yrs,Not disclosed,Mumbai,Full Time,Management 
AI and Data Science Engineer,Rtwo Healthcare Solutions Llp,4.1,3-8 Yrs,Not disclosed,Bangalore,Full Time,SQL
Data Science Engineer III - Machine Learning,OptOut.Work,4.1,6-11 Yrs,Not disclosed,Bangalore,Full Time,Python
AI and Data Science Engineer,Limendo,4.1,2-9 Yrs,Not disclosed,Bangalore,Full Time,SQL
Senior Software Engineer - Data Science,LogiNext,3.4,4-7 Yrs,Not disclosed,Mumbai,Full Time,AWS
Senior Digital Innovation Engineer - Data Science,Buckman,3.3,3-7 Yrs,Not disclosed,Chennai,Full Time,ML
Data Science Professional,Response Informatics,3.9,5-10 Yrs,Not disclosed,Hyderabad,Full Time,ML
Manager-Data Science,Booking Holdings,4.7,2-6 Yrs,Not disclosed,Bangalore,Full Time,ML
Manager-Data Science,Xcel Hires Managment Solutions Pvt Ltd,4.1,5-8 Yrs,Not disclosed,Bangalore,Full Time,ML
Manager-Data Science,Digit88,3.9,5-7 Yrs,Not disclosed,Bangalore,Full Time,Management 
Manager-Data Science,Xoom,4.1,1-3 Yrs,Not disclosed,Bangalore,Full Time,Management 
Data science with Statistics Professional,Skillety,3.2,1-3 Yrs,Not disclosed,Bangalore,Full Time,ML
Data Science Professional,Xitadel,4,2-6 Yrs,Not disclosed,Bangalore,WFH,SQL
Data Engineer/data Science Consultant,Career Infosystem,4.1,4-9 Yrs,Not disclosed,Bangalore,WFH,Management 
Manager-Data Science,TRH Consultancy Services,4.1,10-20 Yrs,Not disclosed,Hyderabad,WFH,Management 
Data Science Engineer,Xperthunt Systems,4.1,3-7 Yrs,Not disclosed,Bangalore,WFH,Python
Data Scientist - R/Python,SRS Business Solutions (india),4.1,10-12 Yrs,Not disclosed,Hyderabad,WFH,Python
Manager-Data Science,Merilytics,3.5,3-6 Yrs,Not disclosed,Hyderabad,WFH,Python
VP & Head-Data Science & Analytics For International Markets,Vertex Corporate Services (i),4.1,20-27 Yrs,Not disclosed,Bangalore,WFH,Python
Manager-Data Science,HyrEzy Talent Solution,4.1,5-8 Yrs,Not disclosed,Bangalore,WFH,ML
Head Data Science,Manpowergroup Services India,4.1,10-15 Yrs,Not disclosed,Gurgaon,WFH,Python
Engineer II Data Science,Copeland,4,2-3 Yrs,Not disclosed,Mumbai,WFH,SQL
"Quality Assurance Engineer, Data Science","Epiq Systems, Inc.",4.1,3-8 Yrs,Not disclosed,Hyderabad,WFH,Python
Data Science Solution Engineer,alight,4.1,1-3 Yrs,Not disclosed,Gurgaon,WFH,SQL
Data Science Engineer - Deep Learning / Neural Networks,CARBYNETECH,4.4,3-7 Yrs,Not disclosed,Hyderabad,WFH,Python
Data Science Engineer,QiO,1,10-15 Yrs,Not disclosed,Mumbai,WFH,AWS
Data Science Engineer,Copeland,4,1-7 Yrs,Not disclosed,Mumbai,WFH,ML
Data Science Engineer,Consilium Software,2.5,2-5 Yrs,Not disclosed,New Delhi,WFH,ML
Software Engineer - Data Science,LogiNext,3.4,2-3 Yrs,Not disclosed,Mumbai,WFH,AWS
Manager-Data Science,Circle K Stores Inc,4.7,4-7 Yrs,Not disclosed,Gurgaon,WFH,SQL
Manager-Data Science,Technovert,3.8,8-9 Yrs,Not disclosed,Hyderabad,WFH,DataAanlysis
Manager-Data Science,Technovert,3.8,8-12 Yrs,Not disclosed,Hyderabad,WFH,DataAanlysis
Manager-Data Science,Technovert,3.8,9-12 Yrs,Not disclosed,Hyderabad,WFH,Management 
Manager-Data Science,SPM Jobs,4.1,10-15 Yrs,Not disclosed,Mumbai,WFH,SQL
Manager-Data Science,Innominds Software,3.2,10-15 Yrs,Not disclosed,Hyderabad,WFH,ML
Manager-Data Science,Innovominds Solutions,4.1,10-20 Yrs,Not disclosed,Hyderabad,WFH,ML
Manager-Data Science,Wolters Kluwer,3.9,5-8 Yrs,Not disclosed,Mumbai,WFH,Management 
Associate Vice President - Data Science,LogiNext,3.4,11-14 Yrs,Not disclosed,Mumbai,WFH,AWS
Lead Data Scientist,Beechi Vidya Kendra Trust,4.1,3-5 Yrs,Not disclosed,Hyderabad,WFH,ML
Manager-Data Science,GXO Logistics,3.9,2-12 Yrs,Not disclosed,Mumbai,WFH,Management 
Manager-Data Science,Digilytics,4.2,7-10 Yrs,Not disclosed,Gurgaon,WFH,SQL
AI and Data Science Engineer,Prime Search,4.1,3-9 Yrs,Not disclosed,Gurgaon,WFH,Python
Data Science Consultants,Soothsayer Analytics,4.1,2-7 Yrs,Not disclosed,Hyderabad,WFH,SQL
Manager-Data Science,Xcel Hires Managment Solutions Pvt Ltd,4.1,10-13 Yrs,Not disclosed,Mumbai,WFH,SQL
Data Science Professional,Pranathi Software Services,3,2-3 Yrs,Not disclosed,Hyderabad,WFH,SQL
Lead Data Scientist,Talent Socio,3.6,3-7 Yrs,Not disclosed,Hyderabad,WFH,Management 
Manager-Data Science,Talent Socio,3.6,8-9 Yrs,Not disclosed,Hyderabad,WFH,DataAanlysis
CarbyneTech - Data Science Engineer - Machine/Deep Learning Models,CARBYNETECH,4.1,4-8 Yrs,Not disclosed,Hyderabad,WFH,Python
Business Intelligence - Data Science & Analyst,Strategic Talent,4.1,5-10 Yrs,Not disclosed,Bangalore,WFH,AWS
Data Analyst - Findability Sciences,Findability Sciences,3.9,3-8 Yrs,Not disclosed,Mumbai,WFH,Python
Data Science - Route Optimization-Associate - ANI,PwC,3.6,2-7 Yrs,Not disclosed,Hyderabad,Full Time,AWS
Lead Data Scientist,ICICI Bank,4,14-20 Yrs,1-2.75 Lacs PA,Hyderabad,Full Time,Python
Senior Analyst/ Data Scientist,Tiger Analytics,3.5,1-5 Yrs,Not disclosed,Hyderabad,Full Time,ML
Intern – Computer Science/ Data Analyst,Pratham Edusys,4.1,0-1 Yrs,Not disclosed,Gurgaon,Full Time,Management 
Manager-Data Science,Reed And Willow ( A Unit Of Talright Technologies ),4.1,14-20 Yrs,Not disclosed,Bangalore,Full Time,Python
Manager-Data Science,All About It India,4.3,12-15 Yrs,Not disclosed,Hyderabad,Full Time,ML
Senior Data Scientist - Artificial Intelligence/Machine Learning,Seacross Recruitment Services,4.1,4-9 Yrs,Not disclosed,Mumbai,Full Time,Python
Senior Analyst/Data Scientist,Tiger Analytics,3.5,2-7 Yrs,Not disclosed,Hyderabad,Full Time,Python
Data Scientist,Globals Ites,4.2,5-8 Yrs,Not disclosed,Bangalore,Full Time,Python
Manager-Data Science,Unique Occupational Services (UOS),4.1,5-8 Yrs,10-20 Lacs PA,Hyderabad,Full Time,AWS
Data Scientist - Engine Algorithm,Primo Hiring,4.1,1-3 Yrs,Not disclosed,Hyderabad,Full Time,Python
Data Scientist - Engine Algorithm,Primo Hiring,4.1,1-3 Yrs,Not disclosed,Hyderabad,Full Time,Management 
Lead Data Scientist,Megma Services,4.1,4-9 Yrs,Not disclosed,Mumbai,Full Time,SQL
Senior Data Scientist,Seacross Recruitment Services,4.1,5-7 Yrs,Not disclosed,Mumbai,Full Time,AWS
Senior Data Scientist / Senior ML Engineer,Agile Airport Services,4.1,2-8 Yrs,Not disclosed,Gurgaon,Full Time,ML
Urgent Hiring For MNC || Data Scientist,Virtuoso Staffing Solutions,4.1,8-13 Yrs,Not disclosed,Gurgaon,Full Time,Python
Chief Data Science Role - Bank,Dimensions HRD Consultants,4.1,15-20 Yrs,Not disclosed,Mumbai,Full Time,Satistics
SENIOR DATA SCIENTIST,Walmart,4,1-10 Yrs,Not disclosed,Chennai,Full Time,SQL
Data Science & Analytics,V Konnect ,4,15-18 Yrs,Not disclosed,Mumbai,Full Time,ML
Data Science (Analytics),Talent Socio,3.6,1-5 Yrs,Not disclosed,Gurgaon,Full Time,SQL
Senior Data Analyst - X Delivery,Boston Consulting Group,3.6,3-6 Yrs,Not disclosed,Bangalore,Full Time,Management 
Data Scientist - Predictive Modeling & Machine Learning,Redbox,4.1,3-8 Yrs,Not disclosed,Gurgaon,Full Time,Python
ACN - Applied Intelligence - Finance - Data Science - 09,Accenture,4.1,3-5 Yrs,Not disclosed,Bangalore,Full Time,ML
Sr Data Scientist,AVE-Promagne Business Solutions,4.1,4-8 Yrs,Not disclosed,Bangalore,Full Time,Python
"Product Analyst, Search, Data Science and Engineering",Google Asia Pacific,4.4,5-10 Yrs,Not disclosed,Bangalore,Full Time,Python
Lighthouse Data Science Senior,KPMG Global Services,3.7,3-6 Yrs,Not disclosed,Bangalore,Full Time,ML
Data Scientist,Cropin Technology Solutions,3.2,2-6 Yrs,Not disclosed,Bangalore,Full Time,Python
Data Scientist,Hbic Solutions,4.1,0-2 Yrs,Not disclosed,Hyderabad,Full Time,Python
"Data Scientist, Trial Operations Analytics",GSK India,4.1,4-7 Yrs,Not disclosed,Bangalore,Full Time,ML
Applied Intelligence - Marketing - Data Science - 09,Accenture,4.1,4-5 Yrs,Not disclosed,Bangalore,Full Time,Management 
Applied Intelligence - Marketing - Data Science - 09,Accenture,4.1,4-5 Yrs,Not disclosed,Bangalore,Full Time,Python
Applied Intelligence - Marketing - Data Science - 11,Accenture,4.1,2-3 Yrs,Not disclosed,Bangalore,Full Time,Python
Data Analyst,Arbeit Associates,4.1,3-7 Yrs,10-16 Lacs PA,Gurgaon,Full Time,Python
Data Analyst 5,Target,4.4,2-4 Yrs,Not disclosed,Bangalore,Full Time,DataAanlysis
Data Analyst,Talent Zone Consultant,4.4,10-12 Yrs,Not disclosed,Bangalore,Full Time,DataAanlysis
Sr Data Scientist,Genpact,4,8-13 Yrs,20-35 Lacs PA,Bangalore,Full Time,Python
Senior Data Scientist,Grid Dynamics,4.4,6-9 Yrs,Not disclosed,Hyderabad,Full Time,Python
Data Science Data Designer,Accenture,4.1,6-8 Yrs,Not disclosed,Bangalore,Full Time,Python
Data Science Data Designer,Accenture,4.1,8-10 Yrs,Not disclosed,Bangalore,Full Time,Python
Data Analyst,Varite,4.1,0-2 Yrs,Not disclosed,Chennai,Full Time,ML
Lead Data Scientist,Bajaj Finserv Ltd.,3.6,3-7 Yrs,Not disclosed,Mumbai,Full Time,Management 
Lead Data Scientist,VDart Software Services,4.1,7-12 Yrs,Not disclosed,Bangalore,Full Time,Python
Data Science - Market Mix Modelling- Associate - ANI,PwC,3.6,2-7 Yrs,Not disclosed,Hyderabad,Full Time,AWS
Data Scientist,Xpheno,3.3,3-7 Yrs,Not disclosed,Bangalore,Full Time,AWS
Applied Intelligence - Marketing - Data Science (Regular) - 07,Accenture,4.1,5-10 Yrs,Not disclosed,Bangalore,Full Time,Python
Applied Intelligence - Marketing - Data Science (Regular) - 09,Accenture,4.1,3-5 Yrs,Not disclosed,Bangalore,Full Time,AWS
Risk Advisory Data Analytics Analyst,KPMG Global Services,3.7,0-2 Yrs,Not disclosed,Bangalore,Full Time,DataAanlysis
Senior Data Scientist,Datawrkz,4.3,3-5 Yrs,Not disclosed,Bangalore,Full Time,ML
Senior Data Scientist,Tvarit Gmbh,3.4,3-8 Yrs,Not disclosed,Mumbai,Full Time,ML
Senior Data Scientist,Therecruit,4.1,5-7 Yrs,Not disclosed,Gurgaon,Full Time,Python
Senior Data Scientist - Natural Language Processing,Rocket Software,4.2,7-12 Yrs,Not disclosed,Chennai,Full Time,ML
Data Scientist - Senior Analyst,Meredith,4,5-10 Yrs,Not disclosed,Bangalore,Full Time,ML
Data Scientist - Senior Analyst,Dotdash Meredith,4.3,5-10 Yrs,Not disclosed,Bangalore,Full Time,ML
Data Scientist - R/Python,The Nikharv Consultancy,4.1,3-6 Yrs,Not disclosed,Hyderabad,Full Time,Python
Lead Data Scientist,Hdfc Bank,3.9,10-15 Yrs,Not disclosed,Mumbai,Full Time,AWS
Data Scientist,fair value consultancy,4.1,3-5 Yrs,Not disclosed,Bangalore,Full Time,Python
Data Scientist,Fractal Analytics,4.1,3-7 Yrs,Not disclosed,Mumbai,Full Time,SQL
Principal Data Scientist,GSK,4.2,1-6 Yrs,Not disclosed,Hyderabad,Full Time,ML
Lead Data Scientist,Cognizant,3.9,10-15 Yrs,Not disclosed,Hyderabad,Full Time,Python
Data Scientist,Infosys,3.9,3-5 Yrs,Not disclosed,Bangalore,Full Time,Python
Data Scientist - Phd only,Anurag Electronic Gujarat,1.2,0-2 Yrs,12-15 Lacs PA,Mumbai,Full Time,DeepLearning
Data Analyst,LKQ India,4,4-7 Yrs,Not disclosed,Chennai,Full Time,SQL
Data Analyst,Rekrut India,4.1,3-5 Yrs,12-14 Lacs PA,Bangalore,Full Time,Python
Data Analyst,Luxoft,4.1,2-6 Yrs,Not disclosed,Gurgaon,Full Time,AWS
"Analyst, Growth and Data Products",Dow Jones,3.3,3-7 Yrs,Not disclosed,Bangalore,Full Time,Python
Principal Data Scientist/Senior Data Scientist/Data Scientist,Benovymed Healthcare,4.1,0-5 Yrs,Not disclosed,New Delhi,Full Time,ML
Senior Data Scientist,Comviva Technology,3.5,7-9 Yrs,Not disclosed,Bangalore,Full Time,SQL
Senior Data Scientist,Comviva Technology,3.5,4-7 Yrs,Not disclosed,Bangalore,Full Time,SQL
Senior Data Scientist,Comviva Technology,3.5,4-7 Yrs,Not disclosed,Bangalore,Full Time,ML
Sr Data Scientist,Benovymed Healthcare,4.1,0-5 Yrs,Not disclosed,New Delhi,Full Time,ML
Senior Data Analyst,Saarthee Technology,2.5,1-4 Yrs,6-15 Lacs PA,Gurgaon,Full Time,SQL
Sr Data Scientist,Absolutdata,4.4,4-8 Yrs,Not disclosed,New Delhi,Full Time,ML
Urgent Hiring For Data Science|Happiest Minds||Bangalore | Pune| Noida,Happiest Minds Technologies,4,10-15 Yrs,Not disclosed,Bangalore,Full Time,ML
Manager-Data Science,RC Project Consultancy,4.1,10-14 Yrs,Not disclosed,Mumbai,Full Time,SQL
Manager-Data Science,RC Project Consultancy,4.1,10-12 Yrs,Not disclosed,Mumbai,Full Time,Management 
ACN - Applied Intelligence - Finance - Data Science - 09,Accenture,4.1,3-5 Yrs,Not disclosed,Chennai,Full Time,ML
ACN - Applied Intelligence - Finance - Data Science - 09,Accenture,4.1,3-5 Yrs,Not disclosed,Mumbai,Full Time,ML
ACN - Applied Intelligence - Finance - Data Science - 09,Accenture,4.1,3-5 Yrs,Not disclosed,Gurgaon,Full Time,ML
Data Engineer - Scientist,ERM Placement Services (p) Ltd.,4.1,5-7 Yrs,Not disclosed,Bangalore,Full Time,ML
Data Analyst,Archance Hr Services,4.1,3-6 Yrs,3.5-4 Lacs PA,Bangalore,Full Time,DataAanlysis
Data Analyst,Capgemini,3.9,6-9 Yrs,Not disclosed,Mumbai,Full Time,SQL
Data Analytics Intern,Reliance Games,2.5,0-1 Yrs,Not disclosed,Mumbai,Full Time,SQL
Data Scientist - Senior Analyst,Time Analytic & Shared Services,4.8,3-6 Yrs,Not disclosed,Bangalore,Full Time,ML
Junior Data Scientist,Datawrkz,4.3,1-2 Yrs,Not disclosed,Bangalore,Full Time,SQL
Data Science,Lericon Infomatics Pvt.ltd,4.1,2-4 Yrs,Not disclosed,Bangalore,Full Time,Python
Data Scientist,Neal Analytics,3.4,2-7 Yrs,Not disclosed,Mumbai,Full Time,SQL
Data Scientist,4S Advisory,4.1,4-8 Yrs,Not disclosed,Bangalore,Full Time,Python
Data Scientist,Xoom,4.1,3-5 Yrs,Not disclosed,Bangalore,Full Time,Satistics
Urgent Opening For Data Scientist,Peoplefy Infosolutions,4.1,8-13 Yrs,Not disclosed,Mumbai,Full Time,ML
Data Scientist,Verolt Engineering,4.1,4-9 Yrs,Not disclosed,Mumbai,Full Time,DataAanlysis
Data Scientist,Acme Services,4.7,2-8 Yrs,Not disclosed,Mumbai,Full Time,SQL
Services Delivery Head - Data Science,3i Infotech,3.6,12-18 Yrs,Not disclosed,Bangalore,Full Time,ML
Manager-Data Science,CBRE,4.2,15-17 Yrs,Not disclosed,Hyderabad,Full Time,DataAanlysis
Data Analytics and Strategic Insights Analyst,United Nations Development Programme (UNDP),4.4,2-4 Yrs,Not disclosed,New Delhi,Full Time,Management 
"Analyst, Growth and Data Products",News Corp Australia,4.3,3-8 Yrs,Not disclosed,Bangalore,Full Time,Python
Power Bi Analyst / Data Analyst,What Digital Technologies,4.1,4-7 Yrs,6-12 Lacs PA,Bangalore,Full Time,Python
Data Scientist - R/Python,AVE-Promagne Business Solutions,4.1,6-11 Yrs,Not disclosed,Bangalore,Full Time,Python
Sr Data Scientist,Persolkelly India,4,5-9 Yrs,Not disclosed,Mumbai,Full Time,ML
Senior Expert Data Science,Novartis,4.1,4-7 Yrs,Not disclosed,Hyderabad,Full Time,ML
AI and Data Science Engineer,Randstad India,4.1,5-8 Yrs,Not disclosed,Bangalore,Full Time,AWS
Data Scientist,Comviva Technology,3.5,5-7 Yrs,Not disclosed,Bangalore,Full Time,SQL
Data Scientist,Terafin Infotech,4.8,2-5 Yrs,3-8 Lacs PA,Chennai,Full Time,ML
Manager-Data Science,TRH Consultancy Services,4.1,8-13 Yrs,Not disclosed,Hyderabad,Full Time,Satistics
Lead Data Scientist,TRH Consultancy Services,4.1,8-13 Yrs,Not disclosed,Hyderabad,Full Time,Python
Data Science Architect,TRH Consultancy Services,4.1,16-18 Yrs,Not disclosed,Hyderabad,Full Time,ML
Data Scientist,Getwork,3.1,1-3 Yrs,8-12 Lacs PA,Gurgaon,Full Time,Python
Data Scientist || Immediate Joiner,Sun Life,4.4,3-7 Yrs,Not disclosed,Gurgaon,Full Time,Python
Data Science Architect,TRH Consultancy Services,4.1,8-13 Yrs,Not disclosed,Hyderabad,Full Time,Python
Chief Architect- Data Sciences,TRH Consultancy Services,4.1,9-14 Yrs,Not disclosed,Hyderabad,Full Time,Python
Associate  Director - Data Sciences,WNS Holdings,3.6,12-18 Yrs,Not disclosed,Bangalore,Full Time,Python
Job Opportunity-Data Science -Fujitsu,Fujitsu,4,3-8 Yrs,Not disclosed,Bangalore,Full Time,Python
Lead Data Scientist,Shell,4.3,5-10 Yrs,Not disclosed,Bangalore,Full Time,SQL
Manager-Data Science,Tredence,3.6,2-4 Yrs,Not disclosed,Bangalore,Full Time,ML
Data Science,Techvaraha Solutions,4.1,3-5 Yrs,Not disclosed,Bangalore,Full Time,Python
Principal Data Science Engineer,Sabre,3.9,10-20 Yrs,Not disclosed,Bangalore,Full Time,Management 
Data Analyst - FinTech,Primo Hiring,4.1,1-2 Yrs,Not disclosed,Hyderabad,Full Time,SQL
Data Analyst,Bright Capital,4.3,1-3 Yrs,Not disclosed,Bangalore,Full Time,Python
Data Analyst,Growthneeti,4.1,1-2 Yrs,1.75-2.5 Lacs PA,Gurgaon,Full Time,DataAanlysis
Data Analyst,Macstat International,4.1,1-5 Yrs,2.5-7.5 Lacs PA,Gurgaon,Full Time,Management 
Data Analyst,KAS Group Asia,4.1,3-5 Yrs,Not disclosed,Gurgaon,Full Time,Management 
Lead Data Scientist,Launch It Consulting,3.6,7-10 Yrs,Not disclosed,Hyderabad,Full Time,Python
Data Analyst (Credit Strategy),Adecco Group,4.1,2-5 Yrs,3.75-7 Lacs PA,Bangalore,Full Time,SQL
Data Analyst,Aptech Aviation Academy,2.3,2-4 Yrs,Not disclosed,Mumbai,Full Time,Python
Data Analyst - Insurance,Serving Skill,4.1,1-6 Yrs,Not disclosed,Mumbai,Full Time,SQL
Data Scientist - Senior Associate,PwC,3.6,4-6 Yrs,Not disclosed,Hyderabad,Full Time,AWS
Sr Data Scientist,Zeta Inc.,3.3,3-7 Yrs,Not disclosed,Bangalore,Full Time,SQL
Data Science,Skillety,3.2,7-10 Yrs,Not disclosed,Hyderabad,Full Time,SQL
Solution Architect - Global Data Science Solutions Provider,Naukri Premium - Employer Services,4.1,15-22 Yrs,Not disclosed,Bangalore,Full Time,AWS
Data Science III,Glance,3.6,5-10 Yrs,Not disclosed,Bangalore,Full Time,ML
SDE 3 - Data Science,Quince Corporate Services,4.1,4-6 Yrs,Not disclosed,Bangalore,Full Time,Python
Data Science,Vitrana,4.1,2-4 Yrs,Not disclosed,Bangalore,Full Time,ML
Opening For Data science role in Bangalore location,Enrich And Enlight Business Consulting,4.1,6-10 Yrs,15-25 Lacs PA,Bangalore,Full Time,Python
Data Science Expert (Algorithm Expert(NLP)),Skillety,3.2,2-6 Yrs,Not disclosed,Bangalore,Full Time,ML
Data Science M2,Skillety,3.2,3-5 Yrs,Not disclosed,Hyderabad,Full Time,Python
Data Science M4,Skillety,3.2,7-10 Yrs,Not disclosed,Hyderabad,Full Time,Python
Data Science M3,Skillety,3.2,6-8 Yrs,Not disclosed,Hyderabad,Full Time,SQL
Data Science Architect - Hortonworks / R / Map Reduce,HyrEzy Talent Solution,4.1,5-10 Yrs,Not disclosed,Gurgaon,Full Time,ML
Data Analyst,Wipro,3.8,4-8 Yrs,Not disclosed,Hyderabad,Full Time,Management 
Data Analyst,Blooprint Ecom Consulting Service,4.1,0-1 Yrs,3-4 Lacs PA,Bangalore,Full Time,Python
DATA ANALYST III,Walmart,4,7-9 Yrs,Not disclosed,Bangalore,Full Time,DataAanlysis
Crypto Data Scientist Intern (US-Remote),Token Metrics,4.1,0-1 Yrs,Not disclosed,Bangalore,Full Time,ML
Data Analyst,Everest Fleet,3.6,2-3 Yrs,1-5 Lacs PA,Hyderabad,Full Time,DataAanlysis
Data Analyst,Zenheal Wellness,2.5,1-3 Yrs,4-6 Lacs PA,Bangalore,Full Time,SQL
Data Analyst,Talan Enterprises,4.1,3-6 Yrs,3-6 Lacs PA,Gurgaon,Hybrid,DataAanlysis
Senior Data Scientist,Intuit,3.9,4-7 Yrs,Not disclosed,Bangalore,Hybrid,Management 
Sr Data Scientist,F5,4,17-24 Yrs,Not disclosed,Hyderabad,Hybrid,Python
Sr Data Scientist,Citicorp Finance,3.8,15-22 Yrs,Not disclosed,Mumbai,Hybrid,Python
Data Analyst-PySpark Developer,Capco,3.6,7-12 Yrs,Not disclosed,Hyderabad,Hybrid,Python
Senior Data Analyst,Luminar Technologies,4.1,0-4 Yrs,Not disclosed,New Delhi,Hybrid,SQL
AI and Data Science Engineer,Intel,4.3,10-12 Yrs,Not disclosed,Bangalore,Hybrid,DataAanlysis
Lead Data Scientist,Response Informatics,3.9,3-8 Yrs,Not disclosed,Hyderabad,Hybrid,ML
Data Scientist - R/Python,Okda Solutions,4.1,4-7 Yrs,Not disclosed,Hyderabad,Hybrid,Python
Principal Data Scientist,Response Informatics,3.9,12-15 Yrs,Not disclosed,Hyderabad,Hybrid,Python
Data Scientist,GSPANN,4,4-9 Yrs,Not disclosed,Hyderabad,Hybrid,ML
Lead Data Scientist,Talent500,2.7,10-14 Yrs,Not disclosed,Bangalore,Hybrid,Python
Data Scientist/Analytics Specialist,TransOrg,2.4,2-5 Yrs,Not disclosed,Bangalore,Hybrid,Python
Data Scientist - Machine Learning/Deep Learning,Serving Skill,4.1,4-6 Yrs,Not disclosed,Bangalore,Hybrid,ML
Data Scientist,Blazeclan Technologies,3.9,7-12 Yrs,Not disclosed,Mumbai,Hybrid,SQL
AI and Data Science Engineer,Shell,4.3,5-9 Yrs,Not disclosed,Bangalore,Hybrid,Python
Data Scientist,Pylon Management Consulting,4.1,4-9 Yrs,15-25 Lacs PA,Chennai,Hybrid,Python
Data Scientist - Full time/ Permanent - Hyderabad - Launch India,Launch It Consulting,3.6,7-12 Yrs,Not disclosed,Hyderabad,Hybrid,Python
Data Scientist,Colruyt It Consultancy India,4.2,12-15 Yrs,Not disclosed,Hyderabad,Hybrid,DataAanlysis
Data Scientist,Finsire,4.1,2-7 Yrs,7-12 Lacs PA,Chennai,Hybrid,ML
Data Scientist,Aiveda Tech Llp,4.1,7-10 Yrs,Not disclosed,New Delhi,Hybrid,Python
Data Scientist,Sagility India,4,5-7 Yrs,14-16 Lacs PA,Hyderabad,Hybrid,Python
Data Scientist - FMCG,OPTIONS INDIA GROUP,4.1,3-8 Yrs,Not disclosed,New Delhi,Hybrid,Python
Data Scientist,HR Central,4.1,4-9 Yrs,12-20 Lacs PA,Bangalore,Hybrid,Python
Associate Data Scientist,ASG Technologies,4,1-2 Yrs,Not disclosed,Chennai,Hybrid,ML
Lead Data Scientist,Serving Skill,4.1,8-12 Yrs,Not disclosed,Mumbai,Hybrid,ML
Data Science Programmer,Pylon Management Consulting,4.1,4-8 Yrs,Not disclosed,Mumbai,Hybrid,Python
Opportunity into data science programmer role,Pylon Management Consulting,4.1,3-6 Yrs,Not disclosed,Mumbai,Hybrid,Python
Data Science Services Delivery Head,3i Infotech,3.6,8-13 Yrs,Not disclosed,Chennai,Hybrid,ML
Data Science role,Pylon Management Consulting,4.1,3-7 Yrs,Not disclosed,Mumbai,Hybrid,Python
Data Science,NR Consulting,3.4,5-7 Yrs,Not disclosed,Mumbai,Hybrid,ML
AI and Data Science Engineer,Ashoka College Of Education,4.1,2-4 Yrs,Not disclosed,New Delhi,Hybrid,ML
data analyst,Disha Consultants,4.8,2-4 Yrs,Not disclosed,Bangalore,Hybrid,Management 
"Analyst, Growth and Data Products",News Corp Australia,4.3,3-8 Yrs,Not disclosed,New Delhi,Hybrid,Python
Sr Data Scientist,Alianza Consultants LLP,4.1,5-10 Yrs,35-40 Lacs PA,Mumbai,Hybrid,Python
Hiring For Data Scientist/Senior Data Scientist,EXL,3.8,7-12 Yrs,Not disclosed,Gurgaon,Hybrid,Python
Senior Data Scientist,Vanderlande Industries,4.3,8-13 Yrs,Not disclosed,Mumbai,Hybrid,Python
Data Scientist- US MNC,Aspyra Hr Services,4.1,0-3 Yrs,5-15 Lacs PA,Gurgaon,Hybrid,Python
Junior Data Scientist,Analytos,4.1,0-2 Yrs,Not disclosed,Hyderabad,Hybrid,SQL
Data Scientist,Infineon,4.1,3-8 Yrs,Not disclosed,Bangalore,Hybrid,ML
Manager-Data Science,Visa Inc,4.2,6-11 Yrs,Not disclosed,Bangalore,Hybrid,SQL
Data Scientist,Siemens,4.2,2-6 Yrs,Not disclosed,Bangalore,Hybrid,ML
Data Scientist,PwC,3.6,3-6 Yrs,Not disclosed,Bangalore,Hybrid,Python
Job Opening For Data Scientist vacancy in reputed MNC Company-Bangalor,On Time Solutions,4.1,5-10 Yrs,Not disclosed,Bangalore,Hybrid,Python
Lead Data Scientist,GTS Telecom Services,4.1,6-8 Yrs,Not disclosed,Bangalore,Hybrid,ML
Data Scientist,Blackbuck,3.9,3-7 Yrs,Not disclosed,Bangalore,Hybrid,ML
Data Scientist / Decision Scientist,Maruti Suzuki,4.2,4-7 Yrs,Not disclosed,Gurgaon,Hybrid,Python
FTE - Regional BI - Data Scientist,Schneider Electric,4.1,3-5 Yrs,Not disclosed,Bangalore,Hybrid,SQL
Data Scientist,Accolite Software India Pvt Ltd,3.6,3-6 Yrs,Not disclosed,Hyderabad,Hybrid,Python
Principal Engineer - Data Science,LogiNext,3.4,8-10 Yrs,Not disclosed,Mumbai,Hybrid,AWS
Data Engineer - Smart Building Analytics,Siemens,4.2,2-5 Yrs,Not disclosed,Mumbai,Hybrid,Python
Data Analyst - Tech,Dare2Compete,4.3,1-2 Yrs,5-7 Lacs PA,New Delhi,Hybrid,SQL
Data Analyst - BFSI,SR Executive Search,4.1,5-7 Yrs,Not disclosed,Mumbai,Hybrid,Python
Hiring- Data Analyst- Snowflake- Pune/Hyderabad(WFO),Jade Global,3.7,4-8 Yrs,5-15 Lacs PA,Hyderabad,Hybrid,DataAanlysis
Data Analyst - FinTech,Primo Hiring,4.1,1-3 Yrs,Not disclosed,Gurgaon,Hybrid,DataAanlysis
Data Analyst,Windows Consultants,4.1,6-10 Yrs,10-17 Lacs PA,Gurgaon,Hybrid,Python
Data Analyst,Krezig Consultants Llp,4.1,3-8 Yrs,12-16 Lacs PA,Mumbai,Hybrid,Python
Data Analyst,Data Unveil India,4.1,6-10 Yrs,Not disclosed,Hyderabad,Hybrid,SQL
Data Analyst - FinTech,Primo Hiring,4.1,1-3 Yrs,Not disclosed,New Delhi,Hybrid,Satistics
Principal Data Scientist/Senior Data Scientist/Data Scientist - NLP,Benovymed Healthcare,4.1,0-5 Yrs,Not disclosed,New Delhi,Hybrid,ML
Sr Data Scientist,Comviva Technology,3.5,7-9 Yrs,Not disclosed,Bangalore,Hybrid,SQL
Principal Data Scientist/Senior Data Scientist/Data Scientist - NLP/ML,Benovymed Healthcare,4.1,0-5 Yrs,Not disclosed,New Delhi,Hybrid,ML
Manager-Data Science,Piramal Healthcare,4,2-6 Yrs,Not disclosed,Bangalore,Hybrid,ML
Senior Data Analyst,Cimpress,4.1,4-7 Yrs,Not disclosed,Bangalore,Hybrid,SQL
Senior Data Analyst - HIS,3M India,4.2,6-10 Yrs,Not disclosed,Bangalore,Hybrid,Management 
Senior Data Analyst (SDA) - Analytics,Phonepe,4.1,3-6 Yrs,Not disclosed,Bangalore,Hybrid,SQL
Senior Analyst - Data Quality Analytics,Dell Technologies,4.2,2-3 Yrs,Not disclosed,Bangalore,Hybrid,SQL
Data Scientist,Xoriant,4,5-10 Yrs,Not disclosed,Mumbai,Hybrid,Python
Data Scientist I,Allegion,4.3,2-5 Yrs,Not disclosed,Bangalore,Hybrid,AWS
Head - Data & Analytics Eng. with Cloud (GCP / AWS ) @ Searce Inc,searce,3.3,15-22 Yrs,Not disclosed,Bangalore,Hybrid,Management 
AI and Data Science Engineer,NTT,3.5,4-7 Yrs,Not disclosed,Bangalore,Hybrid,Management 
Research Associate - Data Science,Recodeminds,4.1,1-3 Yrs,Not disclosed,Hyderabad,Hybrid,DataAanlysis
Data Science,Acme Services,4.7,2-5 Yrs,Not disclosed,Mumbai,Hybrid,ML
AI and Data Science Engineer,Mascot E-services,4.1,4-9 Yrs,9-19 Lacs PA,Mumbai,Hybrid,Python
Associate Faculty - Data Science,Herox,4.1,5-10 Yrs,Not disclosed,New Delhi,Hybrid,Python
Data Science,Mindstix Software Labs,4.1,5-10 Yrs,Not disclosed,Mumbai,Hybrid,ML
Data Science,Xome,4.2,4-9 Yrs,Not disclosed,Chennai,Hybrid,AWS
Data Science,Mr Cooper,4.2,4-9 Yrs,Not disclosed,Chennai,Hybrid,AWS
Data Science with Machine Learning,Niralee Technologies,4.3,1-6 Yrs,Not disclosed,Hyderabad,Hybrid,AWS
Data Science with Machine Learning,Niralee Technologies,4.3,2-5 Yrs,Not disclosed,Hyderabad,Hybrid,ML
Manager-Data Science,Zoom Info,3.6,3-6 Yrs,Not disclosed,Chennai,Hybrid,Management 
AI and Data Science Engineer,Intellecta Consultants,4.1,1-5 Yrs,5-10 Lacs PA,Gurgaon,Hybrid,SQL
Data Analyst,Excellence And Eminence,4.1,2-5 Yrs,Not disclosed,Bangalore,Hybrid,Python
Associate Data Analyst,Optum,4.1,3-5 Yrs,Not disclosed,Bangalore,Hybrid,SQL
Data Scientist & Predictive Analytics Analyst,Ave Promagne,4.1,2-5 Yrs,Not disclosed,Hyderabad,Hybrid,Python
Data Analyst,Renault,4.2,3-5 Yrs,Not disclosed,Chennai,Hybrid,Management 
Business Analyst - Data Scientist,Anicalls,4.3,5-7 Yrs,Not disclosed,Hyderabad,Hybrid,ML
Data Analyst,OW Consulting And Training Llp,4.1,3-5 Yrs,6-8.5 Lacs PA,New Delhi,Hybrid,Python
Data Analyst - HR Analytics,Dr Reddys,4.2,1-3 Yrs,Not disclosed,Hyderabad,Hybrid,ML
Risk Advisory Data Analytics Analyst,KPMG Global Services,3.7,2-5 Yrs,Not disclosed,Mumbai,Hybrid,DataAanlysis
Data Analyst Advanced Analytics,Perceptive Analytics,4.4,0-3 Yrs,Not disclosed,Hyderabad,Hybrid,ML
Data Impact Senior Analyst,Pepsi Foods,4.1,7-9 Yrs,Not disclosed,Hyderabad,Hybrid,ML
Data Scientist,Saaki Argus And Averil Consulting,4.1,6-11 Yrs,20-27.5 Lacs PA,Hyderabad,Hybrid,ML
Data Scientist -NLP,Solytics Partners,4.1,3-6 Yrs,Not disclosed,Mumbai,Hybrid,Python
Data Scientist - Artificial Intelligence / Machine Learning,Okda Solutions,4.1,4-8 Yrs,Not disclosed,Hyderabad,Hybrid,SQL
Lead Data Scientist,Serving Skill,4.1,4-9 Yrs,Not disclosed,Mumbai,Hybrid,Python
Lead Data Scientist,Serving Skill,4.1,4-8 Yrs,Not disclosed,Mumbai,Hybrid,Python
Data Scientist,ZIGRAM ,3.2,3-5 Yrs,Not disclosed,Gurgaon,Hybrid,DeepLearning
Data Scientist - R/Python,Yo HR Consultancy,4.1,5-8 Yrs,Not disclosed,New Delhi,Hybrid,Python
Data Scientist,Impiger Technologies,4.1,4-8 Yrs,Not disclosed,Chennai,Hybrid,Python
Data Scientist- Marketing Analytics,KiE Square Analytics,5,4-8 Yrs,Not disclosed,Mumbai,Hybrid,Python
Lead Data Scientist,Serving Skill,4.1,8-10 Yrs,Not disclosed,Mumbai,Hybrid,DeepLearning
Data Scientist,Grok,4.1,3-7 Yrs,Not disclosed,New Delhi,Hybrid,ML
Lead Data Scientist,Google Asia Pacific,4.4,15-20 Yrs,Not disclosed,Bangalore,Hybrid,ML
Engineer - Data Analytics,Everest Vacuum,4.6,1-2 Yrs,Not disclosed,Bangalore,Hybrid,AWS
Senior Data Scientist,Stats Systems India,3.7,3-7 Yrs,Not disclosed,Hyderabad,Hybrid,ML
Senior Data Scientist,KAS Services India,3.9,4-6 Yrs,Not disclosed,Hyderabad,Hybrid,ML
Senior Data Scientist,Ecolab Digital Center (EDC),3.5,6-8 Yrs,15-27.5 Lacs PA,Bangalore,Hybrid,Python
Senior Data Scientist I,Ecolab Digital Center (EDC),3.5,2-6 Yrs,Not disclosed,Bangalore,Hybrid,SQL
Senior Deep Learning / Data Scientist,Glossaread Technologies Pvt Ltd,4.1,5-10 Yrs,Not disclosed,Hyderabad,Full Time,SQL
Senior Data Scientist,EVRY India,3.8,8-10 Yrs,Not disclosed,Bangalore,Full Time,SQL
"Senior Data Scientist, Payments",Booking Holdings,4.7,4-6 Yrs,Not disclosed,Bangalore,Full Time,SQL
Senior Data Scientist- Azure ML,Shell,4.3,7-11 Yrs,Not disclosed,Bangalore,Full Time,Python
Senior Data Scientist,Legalzoom,4.1,3-8 Yrs,Not disclosed,Bangalore,Full Time,SQL
Data Scientist / Senior Data Scientist,Kinara Capital,4.4,2-4 Yrs,Not disclosed,Bangalore,Full Time,Python
Senior Data Scientist,Electrifai Technology Solutions,2.9,10-20 Yrs,40-80 Lacs PA,Hyderabad,Full Time,ML
Sr Data Scientist,Fratitude Talent Advisors,4.1,7-9 Yrs,Not disclosed,Bangalore,Full Time,ML
Senior Data Scientist,Kaleidofin,3.2,4-9 Yrs,Not disclosed,Bangalore,Full Time,Python
Sr Data Scientist,ORMAE (Operations Research Machine learning & Analytics Experts LLP),3.4,3-10 Yrs,Not disclosed,Bangalore,Full Time,ML
Senior Applied Data Scientist,Tesco,4,2-4 Yrs,Not disclosed,Bangalore,Full Time,SQL
Senior Data Scientist,KAS Services India,3.9,4-6 Yrs,Not disclosed,Bangalore,Full Time,ML
Sr Data Scientist,Skillety,3.2,7-15 Yrs,Not disclosed,Bangalore,Full Time,ML
Optimization Developer/Data Scientist,Talent Socio,3.6,2-6 Yrs,Not disclosed,Bangalore,Full Time,ML
Sr Data Scientist,Citicorp Finance,3.8,5-10 Yrs,Not disclosed,Chennai,Full Time,Python
Data Scientist,Notuno Infotech,4.1,3-8 Yrs,Not disclosed,Hyderabad,Hybrid,Python
Data Scientist,Financial Software Systems(FSS),3.8,2-3 Yrs,Not disclosed,Bangalore,Hybrid,ML
Data Scientist,Orange Business Services,4.3,2-7 Yrs,Not disclosed,Gurgaon,Hybrid,ML
Data Scientist-5yrs- Immediate joiner,Tech Mahindra,3.7,5-9 Yrs,Not disclosed,Hyderabad,Hybrid,Python
DATA Scientist - Pyspark Skill is mandatory. Gurgaon MNC,Advance Talent Services,4.1,3-8 Yrs,Not disclosed,New Delhi,Hybrid,ML
Data Scientist,Bajaj Finance,4.1,4-9 Yrs,"50,000-3 Lacs PA",Mumbai,Hybrid,Python
Lead Data Scientist,Franklin Templeton,4.2,5-9 Yrs,Not disclosed,Mumbai,Hybrid,ML
Opportunity For Data Scientists at Deloitte,Deloitte,4,7-10 Yrs,Not disclosed,Mumbai,Hybrid,Python
Data Scientist,Tiger Analytics,3.5,3-5 Yrs,Not disclosed,Hyderabad,Hybrid,ML
Data Scientist / Decision Scientist,Maruti Suzuki,4.2,2-6 Yrs,Not disclosed,Bangalore,Hybrid,AWS
Principal Data Scientist,GSK India,4.1,7-12 Yrs,Not disclosed,Hyderabad,Hybrid,ML
Junior Data Scientist,Adidas,4,1-6 Yrs,Not disclosed,Gurgaon,Hybrid,ML
Data Scientist - Machine Learning,Rpa Infotech,3.2,2-7 Yrs,Not disclosed,Gurgaon,Hybrid,ML
Data Scientist,Tata Nexarc,3.3,3-6 Yrs,Not disclosed,Mumbai,Hybrid,SQL
Data Scientist,Merck Sharp & Dohme (MSD),4.1,3-7 Yrs,Not disclosed,Mumbai,Full Time,Management 
ML / Data Scientist,Gibots,3,0-2 Yrs,Not disclosed,Mumbai,Full Time,ML
Data Scientist,Teleperformance (TP),3.6,1-6 Yrs,Not disclosed,Mumbai,Full Time,ML
Data Scientist,Dr Reddys,4.2,2-5 Yrs,Not disclosed,Hyderabad,Full Time,ML
Data Scientist - Graph Analytics,Siemens,4.2,3-7 Yrs,Not disclosed,Mumbai,Full Time,ML
Advisory-Management-P Data Scientist,KPMG Global Services,3.7,2-5 Yrs,Not disclosed,Gurgaon,Full Time,ML
Data Analytics - Credit Bureau Data,Seeburger,4.1,3-5 Yrs,Not disclosed,Bangalore,Full Time,ML
Azure Data Architect: T6,Xpheno,3.3,7-11 Yrs,Not disclosed,Bangalore,Full Time,AWS
Data Analyst,Glean,4.1,4-8 Yrs,Not disclosed,Bangalore,Full Time,SQL
Data Analyst III,Jupiter Money,3.7,2-6 Yrs,Not disclosed,Bangalore,Full Time,SQL
Data Analyst III,Jupiter Money,3.7,2-5 Yrs,Not disclosed,Bangalore,Full Time,SQL
Data Analyst,Everest Vacuum,4.6,2-5 Yrs,Not disclosed,Bangalore,Full Time,ML
Data Analyst,Hikaho System,4.1,3-8 Yrs,22.5-25 Lacs PA,Bangalore,Full Time,Python
Data Analyst,Ingersoll Rand,4,3-6 Yrs,Not disclosed,Bangalore,Full Time,ML
Data Analyst,Acme Services,4.7,2-5 Yrs,Not disclosed,Bangalore,Full Time,Python
Data Analyst,Unusual Hire,5,1-4 Yrs,Not disclosed,Bangalore,Full Time,Management 
Data Analyst,Skillety,3.2,3-8 Yrs,Not disclosed,Bangalore,Full Time,SQL
Data Analyst,Paychex It Solutions,4.4,3-8 Yrs,Not disclosed,Bangalore,Full Time,Management 
IBP Data Analyst,Resideo,3.8,2-5 Yrs,Not disclosed,Bangalore,Full Time,SQL
IBP Data Analyst,ADI Global Distribution,4.1,2-5 Yrs,Not disclosed,Bangalore,Full Time,SQL
Data Analyst,Diverse Lynx,3.6,1-5 Yrs,Not disclosed,Bangalore,Full Time,Python
Senior Data Scientist,Cargill,4.2,7-12 Yrs,Not disclosed,Bangalore,Full Time,ML
Senior Data Scientist,Decimal Point Analytics,3.2,3-7 Yrs,Not disclosed,Chennai,Full Time,ML
Senior Data Analyst,Autodesk,4.2,4-6 Yrs,Not disclosed,Bangalore,Full Time,SQL
Senior Data Analyst,Seacross Recruitment Services,4.1,4-6 Yrs,Not disclosed,Mumbai,Full Time,SQL
Sr Data Scientist,Becton Dickinson,4.1,6-8 Yrs,Not disclosed,Gurgaon,Full Time,Management 
Lead Data Scientist,Youth4 Talent Solutions and Services,4.1,4-6 Yrs,Not disclosed,Bangalore,Full Time,AWS
Senior Data Analyst,RGA,4.3,2-4 Yrs,Not disclosed,Mumbai,Full Time,Management 
Sr Data Scientist,Spark Consultancy,4.1,4-9 Yrs,9-18 Lacs PA,New Delhi,Full Time,SQL
Sr Data Scientist,ARA Resources,4.1,2-5 Yrs,18-20 Lacs PA,Bangalore,Full Time,SQL
Manager-Data Science,Myntra,4.1,3-6 Yrs,Not disclosed,Bangalore,Full Time,Management 
Sr Data Scientist,Sunrise Job Consultancy,4.1,3-7 Yrs,15-30 Lacs PA,Gurgaon,Full Time,SQL
Advisory Data Scientist,Pitney Bowes (PBI),4.1,4-9 Yrs,Not disclosed,Mumbai,Full Time,Python
Data Scientist,DUN BRADSTREET INFORMATION SERVICES INDIA PRIVATE LIMITED,3.6,5-8 Yrs,Not disclosed,Hyderabad,Full Time,SQL
AI and Data Science Engineer,Crescendo Global Leadership Hiring India,4.1,3-8 Yrs,Not disclosed,Mumbai,Full Time,Python
Data Scientist,Focus Softnet,3.5,0-3 Yrs,Not disclosed,Hyderabad,Full Time,Python
Manager-Data Science,Talent500,2.7,8-12 Yrs,Not disclosed,Hyderabad,Full Time,SQL
Data Scientist,BMC Software,4.2,3-8 Yrs,Not disclosed,Mumbai,Full Time,SQL
Manager-Data Science,Okda Solutions,4.1,9-14 Yrs,Not disclosed,Bangalore,Full Time,AWS
Manager-Data Science,P&G,4.2,2-4 Yrs,Not disclosed,Mumbai,Full Time,Management 
"Data Scientist, Data Engineering",True Influence,4,2-3 Yrs,Not disclosed,Bangalore,Full Time,ML
Data Analytics / Machine Learning Engineers,Tata Elxsi,4,3-7 Yrs,Not disclosed,Bangalore,Full Time,ML
Data Analyst/Scientist,TRH Consultancy Services,4.1,5-10 Yrs,Not disclosed,Hyderabad,Full Time,DataAanlysis
Data Analyst,Infosys,3.9,2-6 Yrs,Not disclosed,Bangalore,Full Time,AWS
Lead Data Scientist,Talent Infinity,4.1,7-10 Yrs,25-32.5 Lacs PA,Bangalore,Full Time,SQL
Data Analyst,Capita,3.9,2-7 Yrs,Not disclosed,Mumbai,Full Time,Python
Analytics Analyst - Data Visualization,Accenture,4.1,3-5 Yrs,Not disclosed,Bangalore,Full Time,SQL
Associate Data Analyst,Optum,4.1,1-3 Yrs,Not disclosed,Bangalore,Full Time,SQL
Associate Data Analyst,Optum,4.1,3-7 Yrs,Not disclosed,Bangalore,Full Time,SQL
Data Analyst,F5 Web Solutions,5,1-4 Yrs,Not disclosed,Hyderabad,Full Time,ML
Machine Learning Developer - Data Modeling & Analytics,ExoTalent Consultancy Services LLP,4.1,5-9 Yrs,Not disclosed,Mumbai,Full Time,ML
Sr Data Scientist,IBM,4.1,7-8 Yrs,Not disclosed,Bangalore,Full Time,Python
Junior/ Senior - Data Analyst,Serving Skill,4.1,0-3 Yrs,Not disclosed,Mumbai,Full Time,Python
Lead Data Scientist,Propmix,4.5,5-10 Yrs,Not disclosed,Hyderabad,Full Time,SQL
Data Scientist,Clarifai,4.1,3-7 Yrs,Not disclosed,Hyderabad,Full Time,SQL
Data Scientist,IBS Software Services,3.9,3-8 Yrs,Not disclosed,Hyderabad,Full Time,SQL
Lead Data Scientist,TransOrg,2.4,5-9 Yrs,Not disclosed,Bangalore,Full Time,Python
Data Scientist,Sankhyana Consultancy Services,4.1,3-8 Yrs,Not disclosed,Bangalore,Full Time,Python
Data Scientist,Analytos,4.1,2-4 Yrs,Not disclosed,Hyderabad,Full Time,SQL
Data Scientist,Ramsoft Systems,4.9,2-4 Yrs,Not disclosed,Bangalore,Full Time,ML
Lead Data Scientist,Thoucentric,3.9,6-10 Yrs,Not disclosed,Bangalore,Full Time,ML
Data Scientist – Software Product Company,Inflexon Point,4.1,3-5 Yrs,Not disclosed,Bangalore,Full Time,Python
Data Scientist – Software Product,Inflexon Point,4.1,3-5 Yrs,Not disclosed,Bangalore,Full Time,SQL
Data Scientist,Scienaptic Systems,3.2,3-6 Yrs,Not disclosed,Bangalore,Full Time,Python
Data Scientist,Teceze Consultancy Services,5,5-10 Yrs,20-25 Lacs PA,Chennai,Full Time,Python
Data Scientist,AIE Group,4,5-10 Yrs,Not disclosed,Bangalore,Full Time,Python
Manager-Data Science,ICON plc,4.1,3-8 Yrs,Not disclosed,Bangalore,Full Time,Management 
Data Scientist,Skillety,3.2,6-10 Yrs,Not disclosed,Bangalore,Full Time,ML
Data Scientist - III,Medi Assist,3.7,5-10 Yrs,Not disclosed,Bangalore,Full Time,ML
Data Scientist,Dori Ai,4.1,2-4 Yrs,Not disclosed,Bangalore,Full Time,ML
Data Scientist,Shell,4.3,5-9 Yrs,Not disclosed,Bangalore,Full Time,SQL
Data Scientist,Siemens Healthcare,4.3,2-6 Yrs,Not disclosed,Bangalore,Full Time,ML
Data Scientist,WSD Consultant,4.6,1-5 Yrs,Not disclosed,Hyderabad,Full Time,ML
Data Scientist,Thoucentric,3.9,4-9 Yrs,Not disclosed,Bangalore,Full Time,Management 
Data Scientist,Cogniminds,3.4,5-10 Yrs,Not disclosed,Bangalore,Full Time,ML
Data Scientist,Prescience Decision Solutions,4.7,5-8 Yrs,Not disclosed,Bangalore,Full Time,ML
Data Scientist,Globals Ites,4.2,7-12 Yrs,Not disclosed,Bangalore,Full Time,DataAanlysis
Data Scientist,Heaps Health Solutions India,3.7,1-4 Yrs,Not disclosed,Hyderabad,Full Time,ML
Data Scientist,Global Talent Pool,4.1,2-4 Yrs,Not disclosed,Bangalore,Full Time,Python
Data Scientist,Pegasus Knowledge Solutions (PKSI),4.8,8-10 Yrs,Not disclosed,Bangalore,Full Time,Python
Data Scientist,Hyperthink Systems,4.6,3-6 Yrs,Not disclosed,Bangalore,Full Time,SQL
Data Scientist,Dev Solutions,5,4-6 Yrs,Not disclosed,Bangalore,Full Time,ML
Data Scientist,Hakimo,4.1,3-5 Yrs,Not disclosed,Bangalore,Full Time,Python
Informatica Data Quality Analytics Practitioner,Accenture,4.1,6-8 Yrs,Not disclosed,Bangalore,Full Time,SQL
Data Scientist-Health Care Analytics,Skillety,3.2,5-12 Yrs,Not disclosed,Bangalore,Full Time,Python
Data Scientist,Gforce Consulting Solutions,4.2,3-8 Yrs,Not disclosed,Bangalore,Full Time,ML
Data Scientist,kk Consulting Services,4.1,2-5 Yrs,Not disclosed,Bangalore,Full Time,Python
Data Scientist,Skillety,3.2,3-7 Yrs,Not disclosed,Bangalore,Full Time,ML
Lead Data Scientist,Talent Socio,3.6,7-12 Yrs,Not disclosed,Bangalore,Full Time,ML
Data Scientist,Grenosearch,1,5-9 Yrs,Not disclosed,Bangalore,Full Time,SQL
Data Scientist,Draup,4,6-11 Yrs,Not disclosed,Bangalore,Full Time,AWS
Data Scientist,Talchemist,4,5-10 Yrs,Not disclosed,Bangalore,Full Time,ML
Data Scientist,Draup,4,2-3 Yrs,Not disclosed,Bangalore,Full Time,ML
Data Scientist,Braintosoul Consulting,4.1,5-10 Yrs,Not disclosed,Bangalore,Full Time,SQL
"Data Scientist, Analytics, Engine...",Anicalls,4.3,5-8 Yrs,Not disclosed,Bangalore,Full Time,Satistics
Data Scientist / Advanced Analytics - Machine Learning,E2E Infoware,3.8,1-5 Yrs,Not disclosed,Bangalore,Full Time,Python
Data Analytics - Consultant,Grant Thornton India Pvt Ltd,3.8,2-4 Yrs,Not disclosed,Bangalore,Full Time,Management 
Data scientist-Healthcare Analytics Associate,Skillety,3.2,12-15 Yrs,Not disclosed,Bangalore,Full Time,ML
STAFF DATA SCIENTIST,Walmart,4,9-10 Yrs,Not disclosed,Bangalore,Full Time,ML
AVP - Data Analytics - BFSI,Dimensions HRD Consultants,4.1,4-9 Yrs,Not disclosed,Gurgaon,Full Time,Management 
AI and Data Science Engineer,SAP,4.3,9-13 Yrs,Not disclosed,Bangalore,Full Time,Python
Lead Data Scientist,Johnson Electric,3.6,5-7 Yrs,Not disclosed,Chennai,Full Time,SQL
O & M Data Analytics Engineer,Cleantech Solar,4.2,2-3 Yrs,Not disclosed,New Delhi,Full Time,DataAanlysis
Data Engineer,Nathan Ark Software,1.2,3-4 Yrs,Not disclosed,Mumbai,Full Time,AWS
Data Analyst,Dun & Bradstreet,3.6,1-2 Yrs,4-5 Lacs PA,Mumbai,Full Time,DataAanlysis
Senior Data Scientist,Intrics Solutions,4,6-11 Yrs,Not disclosed,New Delhi,Full Time,Python
Senior Data Scientist - Machine Learning & Predictive Modeling,HyrEzy Talent Solution,4.1,10-15 Yrs,Not disclosed,Mumbai,Full Time,ML
Sr Data Scientist,Enlink,4.1,5-9 Yrs,Not disclosed,Mumbai,Full Time,ML
Data Scientist/ Senior Data Scientist,Urjanet Energy Solutions,3.9,2-5 Yrs,Not disclosed,Chennai,Full Time,DataAanlysis
Data Scientist/ Senior Data Scientist,Arcadia,3.8,5-8 Yrs,Not disclosed,Chennai,Full Time,DataAanlysis
Senior Data Scientist,Duff & Phelps,4.1,3-7 Yrs,Not disclosed,Hyderabad,Full Time,ML
Senior Data Scientist,Lexdossier,4.1,1-6 Yrs,12-18 Lacs PA,Mumbai,Full Time,DeepLearning
Senior Principal Data & Analytics Platform Architect,GSK India,4.1,15-20 Yrs,Not disclosed,Bangalore,Full Time,Management 
Senior Data Scientist,Response Informatics,3.9,6-11 Yrs,Not disclosed,Hyderabad,Full Time,Python
Senior Data Scientist,Mojro Technologies,4.7,1-3 Yrs,Not disclosed,Bangalore,Full Time,SQL
Farfetch - Senior Data Scientist,Farfetch,4,5-9 Yrs,Not disclosed,New Delhi,Full Time,ML
Sr Data Scientist,Fountain9,4.1,2-7 Yrs,Not disclosed,Mumbai,Full Time,ML
Data Scientist - R/Python,Shreeniwas,4.1,5-10 Yrs,Not disclosed,Chennai,Full Time,Python
Senior Data Scientist,Agrim Wholesale,3.4,1-6 Yrs,Not disclosed,Gurgaon,Full Time,ML
Senior Data Scientist - Data and Analytics,Mpower International Student Services,4.1,7-10 Yrs,Not disclosed,Bangalore,Full Time,DataAanlysis
Sr Data Scientist,Agile Airport Services,4.1,4-10 Yrs,Not disclosed,Gurgaon,Full Time,Management 
Sr Data Scientist,Synopsys,4.3,5-7 Yrs,Not disclosed,Hyderabad,Full Time,DataAanlysis
AI and Data Science Engineer,Loyalytics Consulting,3.8,4-5 Yrs,Not disclosed,Bangalore,Full Time,Python
Senior Analyst - Data Analytics,The Smart Cube,3.8,2-4 Yrs,Not disclosed,Hyderabad,Full Time,Management 
Data Scientist,Visa Inc,4.2,3-7 Yrs,Not disclosed,Bangalore,Full Time,DataAanlysis
Data Scientist,fair value consultancy,4.1,3-7 Yrs,Not disclosed,Bangalore,Full Time,Python
Lead Data Scientist,Sony Corporation Of America,4.1,5-8 Yrs,Not disclosed,Bangalore,Full Time,ML
Full Stack Data Scientist,Aganitha Cognitive Solutions,4.9,0-5 Yrs,Not disclosed,Hyderabad,Full Time,Python
Data Scientist,Global Advertisement Services,3.2,3-6 Yrs,Not disclosed,Mumbai,Full Time,AWS
Data Scientist II,F5 Web Solutions,5,2-6 Yrs,Not disclosed,Hyderabad,Full Time,ML
Data Scientist,Narayana Health (NH),4.2,3-6 Yrs,Not disclosed,Bangalore,Full Time,Python
Associate Data Scientist - ML & NLP,Gartner,4.2,2-4 Yrs,Not disclosed,Gurgaon,Full Time,Python
Data Scientist,Deutsche Bank,4.1,3-7 Yrs,Not disclosed,Mumbai,Full Time,Management 
Data Scientist,Pepsi Foods,4.1,6-7 Yrs,Not disclosed,Hyderabad,Full Time,Satistics
Manager-Data Science,Maruti Suzuki,4.2,4-9 Yrs,Not disclosed,Gurgaon,Full Time,ML
AM/DM - Data Scientist,Maruti Suzuki,4.2,4-6 Yrs,Not disclosed,Gurgaon,Full Time,ML
Manager-Data Science,Brillio,3.6,10-12 Yrs,Not disclosed,Bangalore,Full Time,AWS
Presales Data Anlaytics,NMS Consultant,4.1,7-12 Yrs,Not disclosed,New Delhi,Full Time,DataAanlysis
Manager-Data Science,Insent,4.1,11-13 Yrs,Not disclosed,Chennai,Full Time,Management 
Manager-Data Science,Insentapp,4.1,12-20 Yrs,Not disclosed,Chennai,Full Time,Management 
Data Analytics,Business Television India,4,5-10 Yrs,Not disclosed,Mumbai,Full Time,Management 
Databricks Unified Data Analytics Platform Data Platform Engineer,Accenture,4.1,4-6 Yrs,Not disclosed,Bangalore,Full Time,AWS
Data Analyst,Digital Green,4.3,1-4 Yrs,Not disclosed,Bangalore,Full Time,Management 
Data Analyst,Misya Beauty Tech,4.1,1-3 Yrs,Not disclosed,New Delhi,Full Time,DataAanlysis
Data Analyst,Mahavastu Corporation,3.5,3-5 Yrs,5-7 Lacs PA,New Delhi,Full Time,SQL
Data Analyst,GM Analytics Solutions,3.5,2-5 Yrs,Not disclosed,Gurgaon,Full Time,SQL
Data Analyst III,Realpage,3.9,5-8 Yrs,Not disclosed,Hyderabad,Full Time,SQL
Data Analyst IV,Realpage,3.9,7-12 Yrs,Not disclosed,Hyderabad,Full Time,SQL
Data Analyst,Zignaai,4.7,1-6 Yrs,Not disclosed,Hyderabad,Full Time,ML
Data Analyst,kido,4.8,1-5 Yrs,Not disclosed,Mumbai,Full Time,Python
Data Analyst,F5,4,1-3 Yrs,Not disclosed,Hyderabad,Full Time,ML
Data Analyst,"F5 Networks, Inc",4,1-4 Yrs,Not disclosed,Hyderabad,Full Time,ML
Data Analyst,Criticalriver,3.9,3-6 Yrs,Not disclosed,Hyderabad,Full Time,Management 
Data Analyst - Insurance,Serving Skill,4.1,4-8 Yrs,Not disclosed,Mumbai,Full Time,DataAanlysis
Lead Data Scientist,Talent Socio,3.6,4-6 Yrs,Not disclosed,Hyderabad,Full Time,Management 
Data Analyst,New Venture Consultants,4.1,3-5 Yrs,Not disclosed,New Delhi,Full Time,DataAanlysis
Data Analyst,Framestore,4.5,4-6 Yrs,Not disclosed,Mumbai,Full Time,Management 
Data Solutions Analyst 3 | Sal upto 13 LPA | Noida,Spark Consultancy,4.1,1-6 Yrs,4-9 Lacs PA,New Delhi,Full Time,SQL
Data Analyst - R&D,Maruti Suzuki,4.2,1-4 Yrs,Not disclosed,Bangalore,Full Time,AWS
Process and Data Analyst,Skan.ai,3.8,2-4 Yrs,Not disclosed,Bangalore,Full Time,DataAanlysis
Process and Data Analyst,Skan,3.8,2-4 Yrs,Not disclosed,Bangalore,Full Time,DataAanlysis
Required Business Analyst Off role Contractual,Teamlease Services Limited,3.9,2-4 Yrs,10-13 Lacs PA,Bangalore,Full Time,Python
Senior Data Scientist,Excel Hr Solutions,4.1,2-4 Yrs,15-25 Lacs PA,Mumbai,Full Time,DeepLearning
Senior Data Analytics Engineer,Siemens,4.2,3-6 Yrs,Not disclosed,Bangalore,Full Time,Python
Oracle Apps Data Analyst,TRH Consultancy Services,4.1,14-19 Yrs,Not disclosed,Hyderabad,Full Time,SQL
Oracle Apps Data Analyst,TRH Consultancy Services,4.1,8-13 Yrs,Not disclosed,Hyderabad,Full Time,SQL
Manager-Data Science,FIS,3.9,7-9 Yrs,Not disclosed,Gurgaon,Full Time,ML
Lead Data Scientist,TATA1MG,3.7,2-5 Yrs,4-8 Lacs PA,Gurgaon,Full Time,Python
Senior Data Analyst - Trading & Supply,Shell,4.3,2-4 Yrs,Not disclosed,Chennai,Full Time,Management 
Analytics Senior Analyst,Accenture,4.1,5-8 Yrs,Not disclosed,Mumbai,Full Time,ML
Data Scientist,HTC Global Services,3.7,6-9 Yrs,6-16 Lacs PA,Bangalore,Full Time,Python
Consultant - Statistics and Data Analytics,Nabard Consultancy Services,4.1,5-9 Yrs,Not disclosed,New Delhi,Hybrid,Satistics
Manager-Data Science,Saarthee Technology,2.5,3-8 Yrs,12-22 Lacs PA,Gurgaon,Hybrid,Python
Lead Data Scientist,Jardine Lloyd Thompson,4,3-6 Yrs,Not disclosed,Mumbai,Hybrid,Management 
Manager-Data Science,Dimensions HRD Consultants,4.1,2-7 Yrs,Not disclosed,New Delhi,Hybrid,Management 
Microsoft Power BI Application Developer,Accenture,4.1,8-10 Yrs,Not disclosed,Bangalore,Hybrid,Python
Machine Learning Engineer/Data Scientist,Innowise,3.8,2-2 Yrs,Not disclosed,Mumbai,Hybrid,ML
Data Engineer & Data Scientist,Fusion Plus Solutions,3.1,2-6 Yrs,Not disclosed,Hyderabad,Hybrid,ML
Data Engineer _AWS,Tiger Analytics,3.5,0-4 Yrs,Not disclosed,Hyderabad,Hybrid,AWS
Data Analyst / Data Scientist - C++/c#/java,Okda Solutions,4.1,5-7 Yrs,Not disclosed,Hyderabad,Hybrid,DataAanlysis
Data Services Analyst,Zoom Info,3.6,2-7 Yrs,Not disclosed,Chennai,Hybrid,SQL
Data Analyst,Naukri Premium - Employer Services,4.1,0-2 Yrs,Not disclosed,Mumbai,Hybrid,Python
Data Analyst,Prospect One Consultants,4.1,5-10 Yrs,Not disclosed,Chennai,Hybrid,Python
Data Analyst,Randstad,4.1,3-8 Yrs,8-10 Lacs PA,Gurgaon,Hybrid,DataAanlysis
Data Analyst,Pharmahopers,4.1,0-1 Yrs,Not disclosed,Chennai,Hybrid,DataAanlysis
Data Analyst,CBRE,4.2,10-20 Yrs,Not disclosed,Gurgaon,Hybrid,DataAanlysis
Data Analyst - Online/eCommerce,Primo Hiring,4.1,3-6 Yrs,Not disclosed,Bangalore,Hybrid,Satistics
AI and Data Science Engineer,Archangel Hr Solutions,4.1,1-6 Yrs,7-14 Lacs PA,Bangalore,Hybrid,Python
Sr Data Scientist,Globalfoundries,3.4,8-12 Yrs,Not disclosed,Bangalore,Hybrid,DataAanlysis
Business Analyst - Data Engineer,Anicalls,4.3,5-7 Yrs,Not disclosed,Bangalore,Hybrid,ML
ANI-Data & Analytics Current Assessment-Senior Associate 2,PwC,3.6,2-8 Yrs,Not disclosed,Hyderabad,Hybrid,Management 
Lead Data Scientist,Gallagher Service Center (GSC),3.9,4-8 Yrs,Not disclosed,Mumbai,Hybrid,Python
Data Scientist - R/Python,Capco,3.6,7-12 Yrs,Not disclosed,Hyderabad,Hybrid,Python
Teradata Developer-Data Analyst,Vodafone,4.2,5-10 Yrs,8-12 Lacs PA (Including Variable: 5.0%),Mumbai,Hybrid,AWS
Senior Data Analyst,One Muthoot,4.1,3-5 Yrs,Not disclosed,Bangalore,Hybrid,DataAanlysis
"Senior Specialist, Data Management & Analysis - Source To Pay - VP",Bnymelloninternationaloperations(india) Privatelim       Ited,4.1,9-12 Yrs,Not disclosed,Mumbai,Hybrid,SQL
Specialist Data Scientist,inContact,4.1,7-10 Yrs,Not disclosed,Mumbai,Hybrid,Management 
Data Scientist,Data Economy,4,6-9 Yrs,Not disclosed,Hyderabad,Hybrid,ML
Data Scientist,Meddiff Technologies,3,2-4 Yrs,Not disclosed,Bangalore,Hybrid,ML
Data Scientist,Wow Labz,4.5,1-6 Yrs,Not disclosed,Bangalore,Hybrid,SQL
Data Scientist,Torcai Digital Media,3,2-5 Yrs,Not disclosed,Hyderabad,Hybrid,DataAanlysis
Data Scientist,Team4progress,5,6-8 Yrs,Not disclosed,Hyderabad,Hybrid,Python
Data Scientist,Genzeon Corporation,3.3,4-7 Yrs,Not disclosed,Mumbai,Hybrid,Python
Data Scientist - Azure Data Factory/NLP Pipeline,CARBYNETECH,4.4,2-7 Yrs,Not disclosed,Hyderabad,Hybrid,Management 
Lead Data Scientist,Retisio,2.6,8-13 Yrs,Not disclosed,Bangalore,Hybrid,ML
Data Scientist 3 - DS3,Quince Corporate Services,4.1,4-6 Yrs,Not disclosed,Bangalore,Hybrid,Python
Opening For Data scientist in Bangalore location,Enrich And Enlight Business Consulting,4.1,5-9 Yrs,8-13 Lacs PA,Bangalore,Hybrid,Python
Data Scientist,Peak,4.1,2-7 Yrs,Not disclosed,Mumbai,Hybrid,SQL
Data Scientist | Pune,Peoplefy Infosolutions,4.1,2-7 Yrs,Not disclosed,Mumbai,Hybrid,Python
Data Scientist - R/Python,EXL,3.8,2-5 Yrs,5-14 Lacs PA,New Delhi,Hybrid,Python
Data Scientist,Peoplefy Infosolutions,4.1,2-7 Yrs,Not disclosed,Mumbai,Hybrid,Python
Associate Data Scientist,Shell,4.3,3-4 Yrs,Not disclosed,Chennai,Hybrid,Python
Lead Data Scientist,Providence College Of Engineering,4.3,5-10 Yrs,Not disclosed,Hyderabad,Hybrid,ML
Data Scientist,Kuhoo Technology Services,4.4,3-7 Yrs,Not disclosed,Mumbai,Hybrid,Python
Data Scientist,IDP,4,1-2 Yrs,Not disclosed,Chennai,Hybrid,SQL
Data Scientist,Sea And Beyond,4.1,2-5 Yrs,Not disclosed,Mumbai,Hybrid,Python
Data Scientist,Topgear Consultants,4.1,4-7 Yrs,Not disclosed,New Delhi,Hybrid,Python
Data Scientist,Metlife,4.4,2-5 Yrs,Not disclosed,Hyderabad,Hybrid,Management 
Analytics Specialist - Data Visualization,Accenture,4.1,7-11 Yrs,Not disclosed,Bangalore,Hybrid,Python
Data Scientist,Bprise,4.4,3-7 Yrs,Not disclosed,Mumbai,Hybrid,ML
Data Scientist - Optimus (Deep Learning / Reinforcement Learning),Bert Labs,3,2-8 Yrs,Not disclosed,Bangalore,Hybrid,SQL
Data Scientist - Machine Learning / Artificial Intelligence,Shreeniwas,4.1,3-6 Yrs,Not disclosed,Bangalore,Hybrid,AWS
Data Scientist,Response Informatics,3.9,1-5 Yrs,Not disclosed,Hyderabad,Hybrid,SQL
Data Scientist II,F5,4,3-7 Yrs,Not disclosed,Hyderabad,Hybrid,ML
Data Scientist II,"F5 Networks, Inc",4,3-7 Yrs,Not disclosed,Hyderabad,Hybrid,ML
Lead Data Scientist,Skillety,3.2,10-12 Yrs,Not disclosed,Hyderabad,Hybrid,AWS
"Data Scientist, Product Analytics",Xoom,4.1,3-5 Yrs,Not disclosed,Chennai,Hybrid,Management 
Junior Data Scientist,NMD,4.1,1-6 Yrs,Not disclosed,Gurgaon,Hybrid,ML
Opening For Data Scientist _ WebPT India (Hyderabad),Webpt India,4.1,5-7 Yrs,Not disclosed,Hyderabad,Hybrid,Python
Data Scientist,Veniso Solutions,4.5,2-7 Yrs,Not disclosed,Hyderabad,Hybrid,ML
Analytics Specialist - Data Visualization,Accenture,4.1,7-11 Yrs,Not disclosed,Bangalore,Hybrid,SQL
Data Scientist,Grok,4.1,3-6 Yrs,Not disclosed,New Delhi,Hybrid,ML
Manager-Data Science,Essenware,4.3,8-13 Yrs,Not disclosed,Chennai,Hybrid,Management 
Data Scientist,Fusion Plus Solutions,3.1,3-6 Yrs,Not disclosed,Hyderabad,Hybrid,AWS
Data Scientist,Optimar Consulting,4.1,5-10 Yrs,Not disclosed,Gurgaon,Hybrid,ML
Data Scientist,AxmiYaN HR Solutions Private Limited,4.1,6-8 Yrs,Not disclosed,Gurgaon,Hybrid,ML
Data Scientist,Acme Services,4.7,3-8 Yrs,Not disclosed,Mumbai,Hybrid,Python
Lead Data Scientist,HR Services,4.1,5-9 Yrs,Not disclosed,Mumbai,Hybrid,Python
Data Scientists,Deeptek,4.2,3-7 Yrs,Not disclosed,Mumbai,Hybrid,ML
Data Scientist,Zignaai,4.7,3-7 Yrs,Not disclosed,Hyderabad,Hybrid,ML
Data Scientist,Redbixbite,5,3-5 Yrs,Not disclosed,Mumbai,Hybrid,ML
Principal Data Scientist,Skillety,3.2,12-15 Yrs,Not disclosed,Hyderabad,Hybrid,ML
Data Scientist,Acme Services,4.7,3-8 Yrs,Not disclosed,Mumbai,Hybrid,AWS
Manager-Data Science,GAP ,3.8,5-10 Yrs,13-17 Lacs PA,New Delhi,Hybrid,Management 
Data Scientist,Saarthee,2.5,1-6 Yrs,Not disclosed,Gurgaon,Hybrid,ML
Data Scientist,Tanla Platforms,3.4,4-9 Yrs,Not disclosed,Hyderabad,Hybrid,ML
"Data Scientist, Analytics, BI Consultant",Anicalls,4.3,5-8 Yrs,Not disclosed,Mumbai,Hybrid,Satistics
"Data Scientist, Analytics",Anicalls,4.3,5-8 Yrs,Not disclosed,Chennai,Hybrid,Satistics
"Data Scientist, Analytics",Anicalls,4.3,5-8 Yrs,Not disclosed,Mumbai,Hybrid,Satistics
SQL Configuration Data Specialist,Kodiak Networks,3.9,2-7 Yrs,Not disclosed,Bangalore,Hybrid,SQL
Data Analyst & Scientist,Siemens Gamesa Renewable Energy,4.1,3-8 Yrs,Not disclosed,Bangalore,Hybrid,Management 
Data Analyst with Advanced Tableau,Technix India Solutions,4,3-8 Yrs,Not disclosed,Bangalore,Hybrid,DataAanlysis
Master Data Management Analyst,Fenyes Engineered Technology Pvt Ltd (First Brands Group LLC),4.1,4-8 Yrs,Not disclosed,Bangalore,Hybrid,Management 
"Supervisor, Sales & Data Analyst - India",Herbalife Nutrition,4.2,2-5 Yrs,Not disclosed,Bangalore,Hybrid,Management 
"Supervisor, Sales & Data Analyst",Herbalife International,4.2,5-10 Yrs,Not disclosed,Bangalore,Hybrid,Management 
R&D Data Admin & Reporting - Data Analysts,Pepsi Foods,4.1,6-8 Yrs,Not disclosed,Hyderabad,Hybrid,Management 
"Data Analyst , Product",Mediamath,4.1,4-9 Yrs,Not disclosed,Bangalore,Hybrid,Python
Manager-Data Science,Nissan Technical Centre,4.1,4-10 Yrs,Not disclosed,Chennai,Hybrid,DataAanlysis
Lead Data Scientist,Highspot,4.1,7-9 Yrs,Not disclosed,Hyderabad,Hybrid,ML
Senior Data Scientist,Abzooba Inc.,4.5,5-9 Yrs,Not disclosed,Mumbai,Hybrid,SQL
Senior Scientist/NLP/Machine Learning/Data Mining Professional,Career Maker,4.1,2-7 Yrs,Not disclosed,Bangalore,Hybrid,SQL
Senior Data Scientist,ASG Technologies,4,8-10 Yrs,Not disclosed,Chennai,Hybrid,SQL
Senior Data Scientist,ASG Technologies,4,3-9 Yrs,Not disclosed,Chennai,Hybrid,SQL
Senior Data Scientist,Providence College Of Engineering,4.3,3-9 Yrs,Not disclosed,Hyderabad,Hybrid,ML
Lead Data Scientist,Megma Services,4.1,5-10 Yrs,Not disclosed,New Delhi,Hybrid,Python
Senior Data Analyst @ Big-data analytics based out US Healthcare,Spectramedix,4,5-8 Yrs,Not disclosed,Gurgaon,Hybrid,Python
Senior Data Analytics & Insight Analyst,Jardine Lloyd Thompson,4,3-6 Yrs,Not disclosed,Mumbai,Hybrid,DataAanlysis
Senior Data Analytics & Insight Analyst,Marsh McLennan Companies,4,2-5 Yrs,Not disclosed,Mumbai,Hybrid,DataAanlysis
DATA Scientist - Gurgaon MNC,Advance Talent Services,4.1,3-8 Yrs,Not disclosed,New Delhi,Hybrid,ML
Data Scientist,Reed And Willow ( A Unit Of Talright Technologies ),4.1,7-12 Yrs,18-33 Lacs PA,Mumbai,Hybrid,Python
Reliability Data Scientist,Ford,4.5,4-9 Yrs,Not disclosed,Chennai,Hybrid,DataAanlysis
Machine Learning Scientist,Skylark Labs,2.4,5-10 Yrs,Not disclosed,Mumbai,Hybrid,ML
Data Scientist,Rockwell Automation,4,3-7 Yrs,Not disclosed,Mumbai,Hybrid,Management 
Analytics Specialist - Data Management,Accenture,4.1,7-11 Yrs,Not disclosed,Bangalore,Hybrid,Management 
Data Insights & Analytics Business Translator,Telstra,4.1,2-7 Yrs,Not disclosed,Bangalore,Hybrid,Management 
"Hiring For Data Engineer, Optum !!!",Optum,4.1,6-9 Yrs,Not disclosed,Hyderabad,Hybrid,Python
Machine Learning Engineer,Data Collection Infotech,4.1,2-5 Yrs,Not disclosed,Bangalore,Hybrid,ML
Associate Data Engineer,Resmed,3.7,0-2 Yrs,Not disclosed,Bangalore,Hybrid,AWS
Data Analyst - FinTech,Primo Hiring,4.1,1-2 Yrs,Not disclosed,Hyderabad,Hybrid,DataAanlysis
IBM Cloud Pak Data Analyst,TRH Consultancy Services,4.1,5-10 Yrs,Not disclosed,Hyderabad,Hybrid,AWS
Data Analyst,Criticalriver,3.9,3-5 Yrs,Not disclosed,Hyderabad,Hybrid,DataAanlysis
Data Analyst,FresherMart,4.1,2-3 Yrs,Not disclosed,Bangalore,Hybrid,Python
Data Analyst,Aptean,3.4,2-5 Yrs,Not disclosed,Bangalore,Hybrid,SQL
Manager-Data Science,Telamon HR Solutions,4.1,7-10 Yrs,Not disclosed,Bangalore,Hybrid,Management 
Data Analyst,Freshtohome,3.5,1-4 Yrs,Not disclosed,Bangalore,Hybrid,DataAanlysis
Oracle Data Analyst,Kastech Software Solutions India,3.6,3-7 Yrs,Not disclosed,Hyderabad,Hybrid,Management 
Data Analyst,Ryan India Tax Services,4.4,2-5 Yrs,Not disclosed,Hyderabad,Hybrid,Python
Data Analyst Contractor,Info Origin,3.7,0-1 Yrs,Not disclosed,Bangalore,Hybrid,SQL
Specialist- Data Analyst,GUS EDUCATION INDIA,3.3,4-6 Yrs,12-16 Lacs PA,Hyderabad,Hybrid,Python
Lead Data Scientist,Bnymelloninternationaloperations(india) Privatelim       Ited,4.1,6-10 Yrs,Not disclosed,Mumbai,Hybrid,SQL
Marketing Data and Reporting Analyst,Vertiv Co,3.9,3-6 Yrs,Not disclosed,Mumbai,Hybrid,ML
R&D Data Admin & Reporting - Data Analysts,Pepsi Foods,4.1,6-9 Yrs,Not disclosed,Hyderabad,Hybrid,Management 
Lead Data Scientist,Novitas Infotech,4.1,7-10 Yrs,Not disclosed,Bangalore,Hybrid,Python
Senior Data Scientist,Fractal Analytics,4.1,5-10 Yrs,Not disclosed,Bangalore,Hybrid,ML
Senior Data Scientist,Boston Consulting Group,3.6,3-5 Yrs,Not disclosed,Bangalore,Hybrid,SQL
Lead Data Scientist,Capco,3.6,6-11 Yrs,Not disclosed,Bangalore,Hybrid,SQL
Lead Data Scientist,CBRE,4.2,4-9 Yrs,Not disclosed,Hyderabad,Hybrid,ML
Lead Data Scientist,Megma Services,4.1,5-10 Yrs,Not disclosed,New Delhi,Hybrid,Python
Lead Data Scientist,Megma Services,4.1,5-10 Yrs,Not disclosed,New Delhi,Hybrid,ML
Lead Data Scientist,Service Now Planet,5,6-11 Yrs,Not disclosed,Hyderabad,Hybrid,SQL
Senior Data Analyst - T&S,Shell,4.3,2-6 Yrs,Not disclosed,Chennai,Hybrid,DataAanlysis
Senior Data Analyst - T&S,Shell,4.3,4-7 Yrs,Not disclosed,Chennai,Hybrid,DataAanlysis
Senior data analyst,Fashion Tv India,4.2,5-6 Yrs,Not disclosed,Mumbai,Hybrid,Management 
Manager-Data Science,Net Connect,3.6,10-12 Yrs,25-40 Lacs PA,Bangalore,Hybrid,Management 
Manager-Data Science,Net Connect,3.6,10-12 Yrs,Not disclosed,Bangalore,Hybrid,Management 
Manager-Data Science,Concerto.ai,4.2,3-6 Yrs,Not disclosed,Bangalore,Hybrid,Management 
Manager-Data Science,Icon Plc,4.1,4-9 Yrs,Not disclosed,Bangalore,Hybrid,Management 
Manager-Data Science,Maximus Global Consulting Services,4.1,8-12 Yrs,27.5-32.5 Lacs PA,Bangalore,Hybrid,Management 
Credit Card Data Analytics Strategy Consultant,Xcelyst Limited,4.1,5-8 Yrs,Not disclosed,Bangalore,Hybrid,SQL
Manager-Data Science,Expertiz,4.8,6-8 Yrs,Not disclosed,Bangalore,Hybrid,Management 
Manager-Data Science,Xpheno,3.3,6-10 Yrs,Not disclosed,Bangalore,Hybrid,Management 
Senior Business Intelligence Developer - Tableau/Data Warehousing,Shreeniwas,4.1,5-6 Yrs,Not disclosed,Hyderabad,Hybrid,SQL
Data Scientist Specialist,Freelancer Sivanagaraju,4.1,7-12 Yrs,20-35 Lacs PA,Bangalore,Hybrid,AWS
Lead Data Scientist,Baker Hughes,4.2,5-9 Yrs,Not disclosed,Bangalore,Hybrid,Management 
Databricks Unified Data Analytics Platform Analytics Advisor,Accenture,4.1,6-8 Yrs,Not disclosed,Bangalore,Hybrid,Python
Cyber R&R - Data Analytics - Associate,PwC,3.6,1-5 Yrs,Not disclosed,Hyderabad,Hybrid,Management 
Looking For Data Scientist(AWS Sage Maker),Techwave Consulting,3.7,7-12 Yrs,Not disclosed,Hyderabad,Hybrid,AWS
Lead Data Scientist,Accenture,4.1,6-8 Yrs,Not disclosed,Mumbai,Hybrid,SQL
Manager-Data Science,KPMG Global Services,3.7,4-8 Yrs,Not disclosed,Bangalore,Hybrid,Management 
Associate Data Analytics - Freshers,Bigspire Software,4.3,0-2 Yrs,Not disclosed,Bangalore,Hybrid,Satistics
AI and Data Science Engineer,Accenture,4.1,8-10 Yrs,Not disclosed,Bangalore,Hybrid,Python
AI and Data Science Engineer,IBM,4.1,1-5 Yrs,Not disclosed,Bangalore,Hybrid,ML
AI and Data Science Engineer,Regalix,3.4,3-5 Yrs,Not disclosed,Bangalore,Hybrid,SQL
Microsoft Power BI Data Platform Engineer,Accenture,4.1,6-8 Yrs,Not disclosed,Mumbai,Hybrid,SQL
Azure Data Engineer,Rockwell Automation,4,3-7 Yrs,Not disclosed,Mumbai,WFH,DataAanlysis
Data Engineer,Hitachi Ltd.,4,4-6 Yrs,Not disclosed,Mumbai,WFH,ML
Data Analyst For Bangalore Location,Teamlease Services Limited,3.9,2-7 Yrs,3.25-8 Lacs PA,Bangalore,WFH,Python
Data Analyst,Siemens,4.2,4-6 Yrs,Not disclosed,Bangalore,WFH,SQL
Procurement Data Analyst,Schneider Electric,4.1,2-3 Yrs,Not disclosed,Bangalore,WFH,Management 
Data Analyst-PYSPARK,Capco,3.6,7-9 Yrs,Not disclosed,Bangalore,WFH,Management 
Data Analyst,Talent Destination,4.1,3-4 Yrs,Not disclosed,Hyderabad,Hybrid,Python
Data Analyst with Multinational Company,Talent Crest Hr Consultants,4.1,3-5 Yrs,5.5-9 Lacs PA,Gurgaon,WFH,Python
Intern -jr Data Scientist,Corner Tree Consulting,2.3,0-1 Yrs,Not disclosed,Bangalore,WFH,Python
Data Analyst,SRM Technologies,3.6,4-7 Yrs,Not disclosed,Chennai,WFH,SQL
Data Analyst -M&T,Accolite Software India Pvt Ltd,3.6,5-7 Yrs,Not disclosed,Bangalore,WFH,AWS
DATA ANALYST,Muthoot Finance,3.6,1-4 Yrs,Not disclosed,Bangalore,WFH,Management 
Data Analyst,Jar App,3.3,0-4 Yrs,Not disclosed,Bangalore,WFH,Management 
Data Analyst,Capco,3.6,3-6 Yrs,Not disclosed,Bangalore,WFH,Management 
Data Analyst,St. John’s Research Institute,3.3,0-4 Yrs,Not disclosed,Bangalore,WFH,Python
Data Analyst,Rystad Energy,4.3,0-3 Yrs,Not disclosed,Bangalore,WFH,ML
Data Analyst-PYSPARK,Capco,3.6,3-7 Yrs,Not disclosed,Bangalore,WFH,Management 
Data Analyst,Mm Staffing & Career Consultants,4.1,0-8 Yrs,Not disclosed,Bangalore,WFH,DataAanlysis
ML + Data Analyst -M&T_SheCodes,Accolite Software India Pvt Ltd,3.6,2-6 Yrs,Not disclosed,Bangalore,WFH,ML
IT Data Analyst (MS Powerbi Dashboard),ZF Friedrichshafen AG,3.6,4-4 Yrs,Not disclosed,Chennai,WFH,SQL
Operations Data Analyst (Engineering),Icims,2.4,5-8 Yrs,Not disclosed,Hyderabad,Hybrid,SQL
Manager-Data Science,PwC,3.6,4-8 Yrs,Not disclosed,Hyderabad,WFH,ML
Senior Risk Advisory Data Analytics,KPMG Global Services,3.7,3-5 Yrs,Not disclosed,Mumbai,WFH,DataAanlysis
Lead Data Scientist,Airtel,4,2-6 Yrs,Not disclosed,Gurgaon,Hybrid,Python
Senior Data Analyst,Essenware,4.3,5-10 Yrs,Not disclosed,Chennai,WFH,Python
Senior Data Analyst,Morningstar,4.1,2-5 Yrs,Not disclosed,Mumbai,WFH,DataAanlysis
Senior Data Analyst,Sourcegrids Consulting Llp,4.1,3-8 Yrs,Not disclosed,Mumbai,WFH,SQL
SE-Developer-Data Analyst,Renault,4.2,7-8 Yrs,Not disclosed,Chennai,WFH,DataAanlysis
Data Management Senior Analyst-Clinical,Accenture,4.1,5-8 Yrs,Not disclosed,Bangalore,WFH,Management 
Analytics Senior Analyst - Data Visualization,Accenture,4.1,5-8 Yrs,Not disclosed,Bangalore,WFH,Python
Data Scientist - Engine Algorithm,Primo Hiring,4.1,1-3 Yrs,Not disclosed,Hyderabad,WFH,SQL
Data Scientist - Engine Algorithm,Primo Hiring,4.1,1-3 Yrs,Not disclosed,Bangalore,WFH,DataAanlysis
Data Scientist - R/Python,Okda Solutions,4.1,4-7 Yrs,Not disclosed,Hyderabad,WFH,Python
Lead Data Scientist,Netomi,4.1,5-8 Yrs,Not disclosed,Hyderabad,WFH,ML
AI and Data Science Engineer,Fractal Analytics,4.1,5-10 Yrs,Not disclosed,Bangalore,WFH,ML
Data Modeler || Coforge,Coforge,3.6,12-14 Yrs,Not disclosed,Hyderabad,Hybrid,SQL
Lead Data Scientist,Talent500,2.7,8-12 Yrs,Not disclosed,Bangalore,WFH,ML
Lead Data Scientist,Okda Solutions,4.1,4-9 Yrs,Not disclosed,Bangalore,WFH,ML
Data Scientist,Innominds Software,3.2,9-14 Yrs,14-24 Lacs PA,Hyderabad,Hybrid,Python
Lead Data Scientist,Sony,4.4,4-7 Yrs,Not disclosed,Bangalore,WFH,ML
Data Scientist | Victoria's Secret,Talent500,2.7,2-6 Yrs,Not disclosed,Hyderabad,WFH,Python
Data Scientist 1,Xoom,4.1,1-3 Yrs,Not disclosed,Bangalore,WFH,DataAanlysis
Lead Data Scientist,Talent500,2.7,8-12 Yrs,Not disclosed,Bangalore,WFH,ML
AI and Data Science Engineer,Shell,4.3,6-10 Yrs,Not disclosed,Bangalore,WFH,Python
NLP Data Scientist,Shell,4.3,3-5 Yrs,Not disclosed,Bangalore,WFH,Python
Applied Data Scientist,Amagi Media Labs,3.8,2-7 Yrs,Not disclosed,Bangalore,WFH,ML
AI and Data Science Engineer,Xoom,4.1,5-9 Yrs,Not disclosed,Bangalore,WFH,Management 
Data Scientist,Thoucentric,3.9,4-9 Yrs,Not disclosed,Bangalore,Hybrid,Python
Data Scientist,Dolby,4.5,5-8 Yrs,Not disclosed,Bangalore,WFH,SQL
Data Scientist - SageMaker,Winning Edge,3.7,5-9 Yrs,Not disclosed,Bangalore,WFH,ML
Analytics Data Scientist,Pylon Management Consulting,4.1,5-8 Yrs,Not disclosed,Hyderabad,WFH,SQL
Lead Data Scientist,Okda Solutions,4.1,2-7 Yrs,Not disclosed,Bangalore,WFH,ML
Data Scientist,NR Consulting,3.4,4-7 Yrs,Not disclosed,Mumbai,WFH,ML
Lead Data Scientist,RedBox HR Consulting,4.1,9-13 Yrs,Not disclosed,Gurgaon,WFH,Python
Business Consultant - R&D (Digital & Analytics),Dr Reddys,4.2,4-5 Yrs,Not disclosed,Hyderabad,WFH,Management 
Data Scientist - Machine Learning,Best Infosystems Ltd,4.1,5-10 Yrs,Not disclosed,Chennai,WFH,Python
NLP Data Scientist,Peoplefy Infosolutions,4.1,9-14 Yrs,Not disclosed,Mumbai,Hybrid,Python
Data Analytic | Fresher | Business Analytics,Creative Hands HR,4.1,0-4 Yrs,4.5-6 Lacs PA,Hyderabad,WFH,DataAanlysis
Analytics and Modeling Specialist,Accenture,4.1,5-10 Yrs,Not disclosed,Bangalore,WFH,Python
Anaplan Data Designer,Accenture,4.1,2-4 Yrs,Not disclosed,Gurgaon,WFH,Management 
Databricks Unified Data Analytics Platform Data Platform Engineer,Accenture,4.1,2-4 Yrs,Not disclosed,Mumbai,WFH,AWS
Databricks Unified Data Analytics Platform Data Platform Engineer,Accenture,4.1,2-4 Yrs,Not disclosed,Mumbai,WFH,Python
Online Data Analyst India,TELUS International,3.9,1-4 Yrs,Not disclosed,Hyderabad,WFH,ML
Data Analyst,Knoah Solutions Pvt Ltd,3.1,0-4 Yrs,Not disclosed,Hyderabad,WFH,Management 
Data Analyst - SQL,Mithra HR Consulting,4.1,3-5 Yrs,Not disclosed,Mumbai,WFH,Python
Lead Data Scientist,Sakon,3.5,8-11 Yrs,Not disclosed,Mumbai,Hybrid,SQL
Business Data Analyst - Modeling & Profiling,Career Infosystem,4.1,8-12 Yrs,Not disclosed,Mumbai,WFH,DataAanlysis
Energy Market Analyst- Data,Energy Exemplar,4.5,2-5 Yrs,Not disclosed,Mumbai,WFH,Management 
"Business Systems Analyst, Data Works",Google Asia Pacific,4.4,10-13 Yrs,Not disclosed,Hyderabad,WFH,ML
Data Analyst - Technology,Vayaa Systems,4.1,1-3 Yrs,Not disclosed,Hyderabad,WFH,SQL
Manager-Data Science,Cognitio Analytics,4.3,2-6 Yrs,Not disclosed,Gurgaon,WFH,SQL
Security Data Analyst / L2,Si Cyber,4.1,4-8 Yrs,Not disclosed,Mumbai,WFH,DataAanlysis
Lead Data Scientist,Service Now Planet,5,5-10 Yrs,Not disclosed,Hyderabad,WFH,Python
Manager-Data Science,Adidas,4,8-13 Yrs,Not disclosed,Chennai,WFH,Management 
Lead Data Scientist,RSM Astute Consulting,3.3,2-4 Yrs,Not disclosed,New Delhi,WFH,DataAanlysis
Senior Data/Analytics Engineer,5x Data,4.4,3-6 Yrs,Not disclosed,Hyderabad,WFH,ML
Senior Data/Analytics Engineer,5x,4.4,3-7 Yrs,Not disclosed,Hyderabad,WFH,ML
Senior Data Engineer,Savantys Solutions,4.1,5-10 Yrs,Not disclosed,Hyderabad,WFH,ML
Senior Data Engineer,Bitgo,4.1,3-7 Yrs,Not disclosed,Bangalore,WFH,SQL
Senior Data Engineer - Analytics,Asapp,4.1,3-6 Yrs,Not disclosed,Bangalore,WFH,SQL
Manager-Data Science,Exabeam,4,5-9 Yrs,Not disclosed,Bangalore,WFH,Management 
Senior Data Analyst,CarDekho,3.6,2-4 Yrs,Not disclosed,Gurgaon,WFH,SQL
Senior Analyst - Data Management,Accenture,4.1,3-6 Yrs,Not disclosed,Bangalore,WFH,Management 
Analytics Senior Analyst - Data Management,Accenture,4.1,5-8 Yrs,Not disclosed,Bangalore,WFH,Python
Analytics Senior Analyst - Data Visualization,Accenture,4.1,5-8 Yrs,Not disclosed,Bangalore,WFH,SQL
Analytics Senior Analyst-Data Visualization,Accenture,4.1,5-8 Yrs,Not disclosed,Bangalore,WFH,Python
Data Scientist,Novitas Infotech,4.1,3-7 Yrs,Not disclosed,Bangalore,WFH,Python
Data Scientist,Data Collection Infotech,4.1,0-4 Yrs,Not disclosed,Bangalore,WFH,Python
Data Scientist-Junior,Talentify,4.1,0-5 Yrs,8-10 Lacs PA,Chennai,Hybrid,Python
Junior Data Scientist,Mareana,3,0-2 Yrs,Not disclosed,Bangalore,WFH,ML
Lead Data Scientist,Siemens,4.2,4-9 Yrs,Not disclosed,Bangalore,WFH,Management 
"Expert, Data scientist",Schneider Electric,4.1,4-8 Yrs,Not disclosed,Bangalore,WFH,SQL
Associate Data Scientist,Hinduja Global Solutions (HGS),4,1-3 Yrs,Not disclosed,Bangalore,WFH,SQL
Data Scientist,Sony Corporation Of America,4.1,3-8 Yrs,Not disclosed,Bangalore,WFH,Management 
Lead Data Scientist,Wells Fargo,4.2,5-10 Yrs,Not disclosed,Hyderabad,WFH,Management 
Data Scientist / Decision Scientist,Maruti Suzuki,4.2,4-7 Yrs,Not disclosed,Gurgaon,WFH,AWS
Data Scientist I,Novartis,4.1,3-6 Yrs,Not disclosed,Hyderabad,WFH,Management 
AWS - Data bricks - Analytics Firm,Pylon Management Consulting,4.1,8-12 Yrs,20-35 Lacs PA,Hyderabad,Hybrid,AWS
Product Data Scientist,Sundial,4.1,0-7 Yrs,Not disclosed,Bangalore,WFH,Satistics
Data Scientist (Clinical Consultant/Clinical Data Scientist),ICON plc,4.1,5-6 Yrs,Not disclosed,Bangalore,WFH,Management 
Data Scientist,SAM Manpower  Career Services Llp,4.1,4-9 Yrs,18-20 Lacs PA,Bangalore,Hybrid,Python
Data Scientist,Akaike Technologies,4.1,0-6 Yrs,Not disclosed,Bangalore,WFH,SQL
Consultant- Data Scientist,Grant Thornton,3.8,2-6 Yrs,Not disclosed,Bangalore,WFH,SQL
Data Scientist,Essenware,4.3,6-8 Yrs,Not disclosed,Bangalore,WFH,AWS
Data Analytics,Goavega Software India,4.2,4-9 Yrs,Not disclosed,Bangalore,WFH,SQL
Machine Learning Engineer,Atlas Systems,3,4-6 Yrs,8-10 Lacs PA,Bangalore,WFH,ML
Computer Vision Engineer,Koireader Technologies,4.4,2-5 Yrs,Not disclosed,Bangalore,WFH,Python
Data Engineer,Hitachi Solutions,4.1,4-6 Yrs,Not disclosed,Hyderabad,WFH,AWS
Data Engineer - Global People Analytics,Boston Consulting Group,3.6,2-6 Yrs,Not disclosed,New Delhi,WFH,SQL
Databricks Unified Data Analytics Platform Data Platform Engineer,Accenture,4.1,8-10 Yrs,Not disclosed,Mumbai,WFH,AWS
Cloud Data Engineering (GCP/AWS/Azure),Iris Software,4.2,8-12 Yrs,Not disclosed,Gurgaon,Hybrid,Python
Data Engineer - Smart Building Analytics,Siemens,4.2,6-9 Yrs,Not disclosed,Mumbai,WFH,Management 
"Opening For Data Analyst | Pune, Kharadi",On Demand Agility Software,3.5,8-13 Yrs,25-40 Lacs PA,Mumbai,Hybrid,SQL
Data Analyst,Coforge Solutions,3.5,8-13 Yrs,Not disclosed,Mumbai,WFH,SQL
Data Analyst - Organic Chemistry,Perfect Digital Media Resources,4.4,2-5 Yrs,Not disclosed,Chennai,WFH,DataAanlysis
Data Services Analyst,Insentapp,4.1,2-7 Yrs,Not disclosed,Chennai,WFH,SQL
Data Services Analyst,Insent,4.1,2-6 Yrs,Not disclosed,Chennai,WFH,Management 
Data Analyst,Sanofi,4.4,1-3 Yrs,Not disclosed,Hyderabad,WFH,Management 
Data Analyst - Insurance,Serving Skill,4.1,4-9 Yrs,Not disclosed,Mumbai,WFH,SQL
Data Analyst - Insurance,Serving Skill,4.1,4-9 Yrs,Not disclosed,Mumbai,WFH,Python
Data Service Analyst,DAZN,4.4,1-4 Yrs,Not disclosed,Hyderabad,WFH,Management 
DATA ANALYST,Serving Skill,4.1,4-8 Yrs,Not disclosed,Mumbai,WFH,DataAanlysis
Data Analyst,Data Economy,4,3-5 Yrs,Not disclosed,Gurgaon,WFH,Management 
Data Analyst,Cogencis Information Services Ltd,3.9,1-2 Yrs,Not disclosed,Mumbai,WFH,DataAanlysis
Data Analyst,Bavel Systems,4.1,5-7 Yrs,Not disclosed,Mumbai,WFH,DataAanlysis
Lead Data Scientist,DAZN,4.4,5-7 Yrs,Not disclosed,Hyderabad,WFH,Python
Data Analyst,Fashion Tv India,4.2,1-4 Yrs,Not disclosed,Mumbai,WFH,Management 
DATA ANALYST,Serving Skill,4.1,2-5 Yrs,Not disclosed,Mumbai,WFH,DataAanlysis
Microsoft Azure Data Services Business Analyst,Accenture,4.1,4-6 Yrs,Not disclosed,Bangalore,WFH,SQL
Senior Data Scientist,Sophos,3.9,4-9 Yrs,Not disclosed,Hyderabad,WFH,ML
Senior Data Scientist,Sophos,3.9,5-10 Yrs,Not disclosed,Hyderabad,Full Time,ML
Senior Data Scientist- Immediate Requirement with CBRE D&T India,CBRE,4.2,9-14 Yrs,Not disclosed,Hyderabad,Hybrid,ML
BI Data Developer - S4,Medline India Pvt Ltd,4.1,7-12 Yrs,Not disclosed,Mumbai,Full Time,SQL
Senior Data Scientist (PhD) - Computer Vision,Vineet Tyre Center,4.1,2-7 Yrs,Not disclosed,Mumbai,Full Time,DeepLearning
Senior Data Scientist (PhD) - Computer Vision,Michelin,4,2-7 Yrs,Not disclosed,Mumbai,Full Time,DeepLearning
Senior Data Scientist,Alp Consulting,3.5,5-8 Yrs,Not disclosed,Bangalore,Full Time,ML
Senior Consultant - Data Analytics,All About It India,4.3,4-6 Yrs,Not disclosed,Hyderabad,Full Time,Management 
Manager-Data Science,The Smart Cube,3.8,8-10 Yrs,Not disclosed,Hyderabad,Full Time,Management 
Data Analytics Senior Associate Financial Service,Value Vision Management Consultants,4,5-8 Yrs,Not disclosed,Bangalore,Full Time,DataAanlysis
